2026-08-03 19:35:07 | INFO     | database.db | تم تهيئة قاعدة البيانات بنجاح.
2026-08-03 19:35:07 | INFO     | scheduler.scheduler | تم تشغيل المجدول بنجاح، سيتم النشر كل ساعة تمامًا.
2026-08-03 19:35:07 | INFO     | __main__ | ✅ تم تشغيل البوت بنجاح.
2026-08-03 19:36:03 | INFO     | handlers.start | المستخدم 7666025637 بدأ استخدام البوت.
2026-08-03 19:36:36 | INFO     | handlers.start | المستخدم 7666025637 بدأ استخدام البوت.
2026-08-03 19:51:32 | INFO     | handlers.start | المستخدم 718795799 بدأ استخدام البوت.
2026-08-03 19:51:49 | INFO     | handlers.start | المستخدم 718795799 بدأ استخدام البوت.
2026-08-03 19:52:18 | INFO     | handlers.start | المستخدم 718795799 بدأ استخدام البوت.
2026-08-03 20:00:00 | INFO     | scheduler.scheduler | تم نشر تحديث الأسعار في القناة بنجاح.
2026-08-03 20:51:01 | INFO     | handlers.start | المستخدم 718795799 بدأ استخدام البوت.
2026-08-03 20:51:58 | ERROR    | aiogram.dispatcher | Failed to fetch updates - TelegramConflictError: Telegram server says - Conflict: terminated by other getUpdates request; make sure that only one bot instance is running
2026-08-03 20:51:58 | WARNING  | aiogram.dispatcher | Sleep for 1.000000 seconds and try again... (tryings = 0, bot id = 8839138509)
2026-08-03 20:52:04 | ERROR    | aiogram.dispatcher | Failed to fetch updates - TelegramConflictError: Telegram server says - Conflict: terminated by other getUpdates request; make sure that only one bot instance is running
2026-08-03 20:52:04 | WARNING  | aiogram.dispatcher | Sleep for 1.454425 seconds and try again... (tryings = 1, bot id = 8839138509)
2026-08-03 20:52:09 | ERROR    | aiogram.dispatcher | Failed to fetch updates - TelegramConflictError: Telegram server says - Conflict: terminated by other getUpdates request; make sure that only one bot instance is running
2026-08-03 20:52:09 | WARNING  | aiogram.dispatcher | Sleep for 1.908001 seconds and try again... (tryings = 2, bot id = 8839138509)
2026-08-03 20:52:16 | ERROR    | aiogram.dispatcher | Failed to fetch updates - TelegramConflictError: Telegram server says - Conflict: terminated by other getUpdates request; make sure that only one bot instance is running
2026-08-03 20:52:16 | WARNING  | aiogram.dispatcher | Sleep for 2.398790 seconds and try again... (tryings = 3, bot id = 8839138509)
2026-08-03 21:27:53 | INFO     | database.db | تم تهيئة قاعدة البيانات بنجاح.
2026-08-03 21:27:53 | INFO     | scheduler.scheduler | تم تشغيل المجدول بنجاح، سيتم النشر كل ساعة تمامًا.
2026-08-03 21:27:53 | INFO     | __main__ | ✅ تم تشغيل البوت بنجاح.
2026-08-03 21:27:58 | ERROR    | aiogram.dispatcher | Failed to fetch updates - TelegramConflictError: Telegram server says - Conflict: terminated by other getUpdates request; make sure that only one bot instance is running
2026-08-03 21:27:58 | WARNING  | aiogram.dispatcher | Sleep for 1.000000 seconds and try again... (tryings = 0, bot id = 8839138509)
2026-08-03 21:28:03 | ERROR    | aiogram.dispatcher | Failed to fetch updates - TelegramConflictError: Telegram server says - Conflict: terminated by other getUpdates request; make sure that only one bot instance is running
2026-08-03 21:28:03 | WARNING  | aiogram.dispatcher | Sleep for 1.272006 seconds and try again... (tryings = 1, bot id = 8839138509)
2026-08-03 21:28:09 | ERROR    | aiogram.dispatcher | Failed to fetch updates - TelegramConflictError: Telegram server says - Conflict: terminated by other getUpdates request; make sure that only one bot instance is running
2026-08-03 21:28:09 | WARNING  | aiogram.dispatcher | Sleep for 1.629678 seconds and try again... (tryings = 2, bot id = 8839138509)
2026-08-03 21:28:16 | ERROR    | aiogram.dispatcher | Failed to fetch updates - TelegramConflictError: Telegram server says - Conflict: terminated by other getUpdates request; make sure that only one bot instance is running
2026-08-03 21:28:16 | WARNING  | aiogram.dispatcher | Sleep for 2.135151 seconds and try again... (tryings = 3, bot id = 8839138509)
2026-08-03 21:28:25 | ERROR    | aiogram.dispatcher | Failed to fetch updates - TelegramConflictError: Telegram server says - Conflict: terminated by other getUpdates request; make sure that only one bot instance is running
2026-08-03 21:28:25 | WARNING  | aiogram.dispatcher | Sleep for 2.663286 seconds and try again... (tryings = 4, bot id = 8839138509)
2026-08-03 21:28:31 | ERROR    | aiogram.dispatcher | Failed to fetch updates - TelegramConflictError: Telegram server says - Conflict: terminated by other getUpdates request; make sure that only one bot instance is running
2026-08-03 21:28:31 | WARNING  | aiogram.dispatcher | Sleep for 3.435800 seconds and try again... (tryings = 5, bot id = 8839138509)
2026-08-03 21:28:39 | ERROR    | aiogram.dispatcher | Failed to fetch updates - TelegramConflictError: Telegram server says - Conflict: terminated by other getUpdates request; make sure that only one bot instance is running
2026-08-03 21:28:39 | WARNING  | aiogram.dispatcher | Sleep for 4.385005 seconds and try again... (tryings = 6, bot id = 8839138509)
2026-08-03 21:28:49 | ERROR    | aiogram.dispatcher | Failed to fetch updates - TelegramConflictError: Telegram server says - Conflict: terminated by other getUpdates request; make sure that only one bot instance is running
2026-08-03 21:28:49 | WARNING  | aiogram.dispatcher | Sleep for 5.218907 seconds and try again... (tryings = 7, bot id = 8839138509)
2026-08-03 21:28:59 | ERROR    | aiogram.dispatcher | Failed to fetch updates - TelegramConflictError: Telegram server says - Conflict: terminated by other getUpdates request; make sure that only one bot instance is running
2026-08-03 21:28:59 | WARNING  | aiogram.dispatcher | Sleep for 5.068978 seconds and try again... (tryings = 8, bot id = 8839138509)
2026-08-03 21:29:10 | ERROR    | aiogram.dispatcher | Failed to fetch updates - TelegramConflictError: Telegram server says - Conflict: terminated by other getUpdates request; make sure that only one bot instance is running
2026-08-03 21:29:10 | WARNING  | aiogram.dispatcher | Sleep for 4.832710 seconds and try again... (tryings = 9, bot id = 8839138509)
2026-08-03 21:29:19 | ERROR    | aiogram.dispatcher | Failed to fetch updates - TelegramConflictError: Telegram server says - Conflict: terminated by other getUpdates request; make sure that only one bot instance is running
2026-08-03 21:29:19 | WARNING  | aiogram.dispatcher | Sleep for 4.952040 seconds and try again... (tryings = 10, bot id = 8839138509)
2026-08-03 21:29:29 | ERROR    | aiogram.dispatcher | Failed to fetch updates - TelegramConflictError: Telegram server says - Conflict: terminated by other getUpdates request; make sure that only one bot instance is running
2026-08-03 21:29:29 | WARNING  | aiogram.dispatcher | Sleep for 4.853290 seconds and try again... (tryings = 11, bot id = 8839138509)
2026-08-03 21:29:39 | ERROR    | aiogram.dispatcher | Failed to fetch updates - TelegramConflictError: Telegram server says - Conflict: terminated by other getUpdates request; make sure that only one bot instance is running
2026-08-03 21:29:39 | WARNING  | aiogram.dispatcher | Sleep for 5.100352 seconds and try again... (tryings = 12, bot id = 8839138509)
2026-08-03 21:29:49 | ERROR    | aiogram.dispatcher | Failed to fetch updates - TelegramConflictError: Telegram server says - Conflict: terminated by other getUpdates request; make sure that only one bot instance is running
2026-08-03 21:29:49 | WARNING  | aiogram.dispatcher | Sleep for 4.937415 seconds and try again... (tryings = 13, bot id = 8839138509)
2026-08-03 21:30:00 | ERROR    | aiogram.dispatcher | Failed to fetch updates - TelegramConflictError: Telegram server says - Conflict: terminated by other getUpdates request; make sure that only one bot instance is running
2026-08-03 21:30:00 | WARNING  | aiogram.dispatcher | Sleep for 5.028133 seconds and try again... (tryings = 14, bot id = 8839138509)
2026-08-03 21:30:10 | ERROR    | aiogram.dispatcher | Failed to fetch updates - TelegramConflictError: Telegram server says - Conflict: terminated by other getUpdates request; make sure that only one bot instance is running
2026-08-03 21:30:10 | WARNING  | aiogram.dispatcher | Sleep for 5.089446 seconds and try again... (tryings = 15, bot id = 8839138509)
2026-08-03 21:30:20 | ERROR    | aiogram.dispatcher | Failed to fetch updates - TelegramConflictError: Telegram server says - Conflict: terminated by other getUpdates request; make sure that only one bot instance is running
2026-08-03 21:30:20 | WARNING  | aiogram.dispatcher | Sleep for 4.963378 seconds and try again... (tryings = 16, bot id = 8839138509)
2026-08-03 21:30:30 | ERROR    | aiogram.dispatcher | Failed to fetch updates - TelegramConflictError: Telegram server says - Conflict: terminated by other getUpdates request; make sure that only one bot instance is running
2026-08-03 21:30:30 | WARNING  | aiogram.dispatcher | Sleep for 5.027086 seconds and try again... (tryings = 17, bot id = 8839138509)
2026-08-03 21:30:41 | ERROR    | aiogram.dispatcher | Failed to fetch updates - TelegramConflictError: Telegram server says - Conflict: terminated by other getUpdates request; make sure that only one bot instance is running
2026-08-03 21:30:41 | WARNING  | aiogram.dispatcher | Sleep for 4.959836 seconds and try again... (tryings = 18, bot id = 8839138509)
2026-08-03 21:30:51 | ERROR    | aiogram.dispatcher | Failed to fetch updates - TelegramConflictError: Telegram server says - Conflict: terminated by other getUpdates request; make sure that only one bot instance is running
2026-08-03 21:30:51 | WARNING  | aiogram.dispatcher | Sleep for 5.133838 seconds and try again... (tryings = 19, bot id = 8839138509)
2026-08-03 21:31:01 | ERROR    | aiogram.dispatcher | Failed to fetch updates - TelegramConflictError: Telegram server says - Conflict: terminated by other getUpdates request; make sure that only one bot instance is running
2026-08-03 21:31:01 | WARNING  | aiogram.dispatcher | Sleep for 4.940315 seconds and try again... (tryings = 20, bot id = 8839138509)
2026-08-03 21:31:11 | ERROR    | aiogram.dispatcher | Failed to fetch updates - TelegramConflictError: Telegram server says - Conflict: terminated by other getUpdates request; make sure that only one bot instance is running
2026-08-03 21:31:11 | WARNING  | aiogram.dispatcher | Sleep for 5.016414 seconds and try again... (tryings = 21, bot id = 8839138509)
2026-08-03 21:31:21 | ERROR    | aiogram.dispatcher | Failed to fetch updates - TelegramConflictError: Telegram server says - Conflict: terminated by other getUpdates request; make sure that only one bot instance is running
2026-08-03 21:31:21 | WARNING  | aiogram.dispatcher | Sleep for 4.859984 seconds and try again... (tryings = 22, bot id = 8839138509)
2026-08-03 21:31:32 | ERROR    | aiogram.dispatcher | Failed to fetch updates - TelegramConflictError: Telegram server says - Conflict: terminated by other getUpdates request; make sure that only one bot instance is running
2026-08-03 21:31:32 | WARNING  | aiogram.dispatcher | Sleep for 5.022542 seconds and try again... (tryings = 23, bot id = 8839138509)
2026-08-03 21:31:42 | ERROR    | aiogram.dispatcher | Failed to fetch updates - TelegramConflictError: Telegram server says - Conflict: terminated by other getUpdates request; make sure that only one bot instance is running
2026-08-03 21:31:42 | WARNING  | aiogram.dispatcher | Sleep for 5.027323 seconds and try again... (tryings = 24, bot id = 8839138509)
2026-08-03 21:31:52 | ERROR    | aiogram.dispatcher | Failed to fetch updates - TelegramConflictError: Telegram server says - Conflict: terminated by other getUpdates request; make sure that only one bot instance is running
2026-08-03 21:31:52 | WARNING  | aiogram.dispatcher | Sleep for 4.933096 seconds and try again... (tryings = 25, bot id = 8839138509)
2026-08-03 21:32:02 | ERROR    | aiogram.dispatcher | Failed to fetch updates - TelegramConflictError: Telegram server says - Conflict: terminated by other getUpdates request; make sure that only one bot instance is running
2026-08-03 21:32:02 | WARNING  | aiogram.dispatcher | Sleep for 4.889561 seconds and try again... (tryings = 26, bot id = 8839138509)
2026-08-03 21:32:12 | ERROR    | aiogram.dispatcher | Failed to fetch updates - TelegramConflictError: Telegram server says - Conflict: terminated by other getUpdates request; make sure that only one bot instance is running
2026-08-03 21:32:12 | WARNING  | aiogram.dispatcher | Sleep for 4.962527 seconds and try again... (tryings = 27, bot id = 8839138509)
2026-08-03 21:32:22 | ERROR    | aiogram.dispatcher | Failed to fetch updates - TelegramConflictError: Telegram server says - Conflict: terminated by other getUpdates request; make sure that only one bot instance is running
2026-08-03 21:32:22 | WARNING  | aiogram.dispatcher | Sleep for 4.963055 seconds and try again... (tryings = 28, bot id = 8839138509)
2026-08-03 21:32:32 | ERROR    | aiogram.dispatcher | Failed to fetch updates - TelegramConflictError: Telegram server says - Conflict: terminated by other getUpdates request; make sure that only one bot instance is running
2026-08-03 21:32:32 | WARNING  | aiogram.dispatcher | Sleep for 5.009500 seconds and try again... (tryings = 29, bot id = 8839138509)
2026-08-03 21:32:43 | ERROR    | aiogram.dispatcher | Failed to fetch updates - TelegramConflictError: Telegram server says - Conflict: terminated by other getUpdates request; make sure that only one bot instance is running
2026-08-03 21:32:43 | WARNING  | aiogram.dispatcher | Sleep for 5.113668 seconds and try again... (tryings = 30, bot id = 8839138509)
2026-08-03 21:32:53 | ERROR    | aiogram.dispatcher | Failed to fetch updates - TelegramConflictError: Telegram server says - Conflict: terminated by other getUpdates request; make sure that only one bot instance is running
2026-08-03 21:32:53 | WARNING  | aiogram.dispatcher | Sleep for 5.192008 seconds and try again... (tryings = 31, bot id = 8839138509)
2026-08-03 21:33:03 | ERROR    | aiogram.dispatcher | Failed to fetch updates - TelegramConflictError: Telegram server says - Conflict: terminated by other getUpdates request; make sure that only one bot instance is running
2026-08-03 21:33:03 | WARNING  | aiogram.dispatcher | Sleep for 5.046359 seconds and try again... (tryings = 32, bot id = 8839138509)
2026-08-03 21:33:14 | ERROR    | aiogram.dispatcher | Failed to fetch updates - TelegramConflictError: Telegram server says - Conflict: terminated by other getUpdates request; make sure that only one bot instance is running
2026-08-03 21:33:14 | WARNING  | aiogram.dispatcher | Sleep for 5.027289 seconds and try again... (tryings = 33, bot id = 8839138509)
2026-08-03 21:33:24 | ERROR    | aiogram.dispatcher | Failed to fetch updates - TelegramConflictError: Telegram server says - Conflict: terminated by other getUpdates request; make sure that only one bot instance is running
2026-08-03 21:33:24 | WARNING  | aiogram.dispatcher | Sleep for 4.852063 seconds and try again... (tryings = 34, bot id = 8839138509)
2026-08-03 21:33:34 | ERROR    | aiogram.dispatcher | Failed to fetch updates - TelegramConflictError: Telegram server says - Conflict: terminated by other getUpdates request; make sure that only one bot instance is running
2026-08-03 21:33:34 | WARNING  | aiogram.dispatcher | Sleep for 5.353895 seconds and try again... (tryings = 35, bot id = 8839138509)
2026-08-03 21:33:44 | ERROR    | aiogram.dispatcher | Failed to fetch updates - TelegramConflictError: Telegram server says - Conflict: terminated by other getUpdates request; make sure that only one bot instance is running
2026-08-03 21:33:44 | WARNING  | aiogram.dispatcher | Sleep for 5.197679 seconds and try again... (tryings = 36, bot id = 8839138509)
2026-08-03 21:33:55 | ERROR    | aiogram.dispatcher | Failed to fetch updates - TelegramConflictError: Telegram server says - Conflict: terminated by other getUpdates request; make sure that only one bot instance is running
2026-08-03 21:33:55 | WARNING  | aiogram.dispatcher | Sleep for 5.013942 seconds and try again... (tryings = 37, bot id = 8839138509)
2026-08-03 21:34:05 | ERROR    | aiogram.dispatcher | Failed to fetch updates - TelegramConflictError: Telegram server says - Conflict: terminated by other getUpdates request; make sure that only one bot instance is running
2026-08-03 21:34:05 | WARNING  | aiogram.dispatcher | Sleep for 5.041417 seconds and try again... (tryings = 38, bot id = 8839138509)
2026-08-03 21:34:15 | ERROR    | aiogram.dispatcher | Failed to fetch updates - TelegramConflictError: Telegram server says - Conflict: terminated by other getUpdates request; make sure that only one bot instance is running
2026-08-03 21:34:15 | WARNING  | aiogram.dispatcher | Sleep for 5.120449 seconds and try again... (tryings = 39, bot id = 8839138509)
2026-08-03 21:34:26 | ERROR    | aiogram.dispatcher | Failed to fetch updates - TelegramConflictError: Telegram server says - Conflict: terminated by other getUpdates request; make sure that only one bot instance is running
2026-08-03 21:34:26 | WARNING  | aiogram.dispatcher | Sleep for 5.127158 seconds and try again... (tryings = 40, bot id = 8839138509)
2026-08-03 21:34:36 | ERROR    | aiogram.dispatcher | Failed to fetch updates - TelegramConflictError: Telegram server says - Conflict: terminated by other getUpdates request; make sure that only one bot instance is running
2026-08-03 21:34:36 | WARNING  | aiogram.dispatcher | Sleep for 5.021251 seconds and try again... (tryings = 41, bot id = 8839138509)
2026-08-03 21:34:46 | ERROR    | aiogram.dispatcher | Failed to fetch updates - TelegramConflictError: Telegram server says - Conflict: terminated by other getUpdates request; make sure that only one bot instance is running
2026-08-03 21:34:46 | WARNING  | aiogram.dispatcher | Sleep for 5.042418 seconds and try again... (tryings = 42, bot id = 8839138509)
2026-08-03 21:34:56 | ERROR    | aiogram.dispatcher | Failed to fetch updates - TelegramConflictError: Telegram server says - Conflict: terminated by other getUpdates request; make sure that only one bot instance is running
2026-08-03 21:34:56 | WARNING  | aiogram.dispatcher | Sleep for 5.100216 seconds and try again... (tryings = 43, bot id = 8839138509)
2026-08-03 21:35:07 | ERROR    | aiogram.dispatcher | Failed to fetch updates - TelegramConflictError: Telegram server says - Conflict: terminated by other getUpdates request; make sure that only one bot instance is running
2026-08-03 21:35:07 | WARNING  | aiogram.dispatcher | Sleep for 4.925252 seconds and try again... (tryings = 44, bot id = 8839138509)
2026-08-03 21:35:17 | ERROR    | aiogram.dispatcher | Failed to fetch updates - TelegramConflictError: Telegram server says - Conflict: terminated by other getUpdates request; make sure that only one bot instance is running
2026-08-03 21:35:17 | WARNING  | aiogram.dispatcher | Sleep for 4.858980 seconds and try again... (tryings = 45, bot id = 8839138509)
2026-08-03 21:35:27 | ERROR    | aiogram.dispatcher | Failed to fetch updates - TelegramConflictError: Telegram server says - Conflict: terminated by other getUpdates request; make sure that only one bot instance is running
2026-08-03 21:35:27 | WARNING  | aiogram.dispatcher | Sleep for 5.032178 seconds and try again... (tryings = 46, bot id = 8839138509)
2026-08-03 21:35:37 | ERROR    | aiogram.dispatcher | Failed to fetch updates - TelegramConflictError: Telegram server says - Conflict: terminated by other getUpdates request; make sure that only one bot instance is running
2026-08-03 21:35:37 | WARNING  | aiogram.dispatcher | Sleep for 5.150328 seconds and try again... (tryings = 47, bot id = 8839138509)
2026-08-03 21:35:48 | ERROR    | aiogram.dispatcher | Failed to fetch updates - TelegramConflictError: Telegram server says - Conflict: terminated by other getUpdates request; make sure that only one bot instance is running
2026-08-03 21:35:48 | WARNING  | aiogram.dispatcher | Sleep for 5.102073 seconds and try again... (tryings = 48, bot id = 8839138509)
2026-08-03 21:35:58 | ERROR    | aiogram.dispatcher | Failed to fetch updates - TelegramConflictError: Telegram server says - Conflict: terminated by other getUpdates request; make sure that only one bot instance is running
2026-08-03 21:35:58 | WARNING  | aiogram.dispatcher | Sleep for 4.926627 seconds and try again... (tryings = 49, bot id = 8839138509)
2026-08-03 21:37:13 | ERROR    | aiogram.dispatcher | Failed to fetch updates - TelegramNetworkError: HTTP Client says - Request timeout error
2026-08-03 21:37:13 | WARNING  | aiogram.dispatcher | Sleep for 4.915053 seconds and try again... (tryings = 50, bot id = 8839138509)
2026-08-03 21:37:18 | ERROR    | aiogram.dispatcher | Failed to fetch updates - TelegramNetworkError: HTTP Client says - ClientConnectorError: Cannot connect to host api.telegram.org:443 ssl:default [The network location cannot be reached. For information about network troubleshooting, see Windows Help]
2026-08-03 21:37:18 | WARNING  | aiogram.dispatcher | Sleep for 5.166065 seconds and try again... (tryings = 51, bot id = 8839138509)
2026-08-03 21:37:24 | ERROR    | aiogram.dispatcher | Failed to fetch updates - TelegramNetworkError: HTTP Client says - ClientConnectorError: Cannot connect to host api.telegram.org:443 ssl:default [The network location cannot be reached. For information about network troubleshooting, see Windows Help]
2026-08-03 21:37:24 | WARNING  | aiogram.dispatcher | Sleep for 4.836640 seconds and try again... (tryings = 52, bot id = 8839138509)
2026-08-03 21:37:28 | ERROR    | aiogram.dispatcher | Failed to fetch updates - TelegramNetworkError: HTTP Client says - ClientConnectorError: Cannot connect to host api.telegram.org:443 ssl:default [The network location cannot be reached. For information about network troubleshooting, see Windows Help]
2026-08-03 21:37:28 | WARNING  | aiogram.dispatcher | Sleep for 5.139273 seconds and try again... (tryings = 53, bot id = 8839138509)
2026-08-03 21:37:34 | ERROR    | aiogram.dispatcher | Failed to fetch updates - TelegramNetworkError: HTTP Client says - ClientConnectorError: Cannot connect to host api.telegram.org:443 ssl:default [The network location cannot be reached. For information about network troubleshooting, see Windows Help]
2026-08-03 21:37:34 | WARNING  | aiogram.dispatcher | Sleep for 4.905045 seconds and try again... (tryings = 54, bot id = 8839138509)
2026-08-03 21:37:39 | ERROR    | aiogram.dispatcher | Failed to fetch updates - TelegramNetworkError: HTTP Client says - ClientConnectorError: Cannot connect to host api.telegram.org:443 ssl:default [The network location cannot be reached. For information about network troubleshooting, see Windows Help]
2026-08-03 21:37:39 | WARNING  | aiogram.dispatcher | Sleep for 4.854648 seconds and try again... (tryings = 55, bot id = 8839138509)
2026-08-03 21:37:43 | ERROR    | aiogram.dispatcher | Failed to fetch updates - TelegramNetworkError: HTTP Client says - ClientConnectorError: Cannot connect to host api.telegram.org:443 ssl:default [The network location cannot be reached. For information about network troubleshooting, see Windows Help]
2026-08-03 21:37:43 | WARNING  | aiogram.dispatcher | Sleep for 5.004561 seconds and try again... (tryings = 56, bot id = 8839138509)
2026-08-03 21:37:48 | ERROR    | aiogram.dispatcher | Failed to fetch updates - TelegramNetworkError: HTTP Client says - ClientConnectorError: Cannot connect to host api.telegram.org:443 ssl:default [The network location cannot be reached. For information about network troubleshooting, see Windows Help]
2026-08-03 21:37:48 | WARNING  | aiogram.dispatcher | Sleep for 5.127558 seconds and try again... (tryings = 57, bot id = 8839138509)
2026-08-03 21:37:54 | ERROR    | aiogram.dispatcher | Failed to fetch updates - TelegramNetworkError: HTTP Client says - ClientConnectorError: Cannot connect to host api.telegram.org:443 ssl:default [The network location cannot be reached. For information about network troubleshooting, see Windows Help]
2026-08-03 21:37:54 | WARNING  | aiogram.dispatcher | Sleep for 5.010112 seconds and try again... (tryings = 58, bot id = 8839138509)
2026-08-03 21:38:17 | ERROR    | aiogram.dispatcher | Failed to fetch updates - TelegramNetworkError: HTTP Client says - ClientConnectorError: Cannot connect to host api.telegram.org:443 ssl:default [The network connection was aborted by the local system]
2026-08-03 21:38:17 | WARNING  | aiogram.dispatcher | Sleep for 4.800208 seconds and try again... (tryings = 59, bot id = 8839138509)
2026-08-03 21:38:39 | ERROR    | aiogram.dispatcher | Failed to fetch updates - TelegramNetworkError: HTTP Client says - ClientOSError: [WinError 1236] The network connection was aborted by the local system
2026-08-03 21:38:39 | WARNING  | aiogram.dispatcher | Sleep for 1.000000 seconds and try again... (tryings = 0, bot id = 8839138509)
2026-08-03 21:38:39 | ERROR    | aiogram.event | Cause exception while process update id=235319421 by bot id=8839138509
TelegramNetworkError: HTTP Client says - ClientOSError: [WinError 1236] The network connection was aborted by the local system
Traceback (most recent call last):
  File "C:\Program Files\WindowsApps\PythonSoftwareFoundation.Python.3.11_3.11.2544.0_x64__qbz5n2kfra8p0\Lib\asyncio\proactor_events.py", line 286, in _loop_reading
    length = fut.result()
             ^^^^^^^^^^^^
  File "C:\Program Files\WindowsApps\PythonSoftwareFoundation.Python.3.11_3.11.2544.0_x64__qbz5n2kfra8p0\Lib\asyncio\windows_events.py", line 854, in _poll
    value = callback(transferred, key, ov)
            ^^^^^^^^^^^^^^^^^^^^^^^^^^^^^^
  File "C:\Program Files\WindowsApps\PythonSoftwareFoundation.Python.3.11_3.11.2544.0_x64__qbz5n2kfra8p0\Lib\asyncio\windows_events.py", line 494, in finish_recv
    return ov.getresult()
           ^^^^^^^^^^^^^^
ConnectionAbortedError: [WinError 1236] The network connection was aborted by the local system

The above exception was the direct cause of the following exception:

Traceback (most recent call last):
  File "C:\Users\top67\AppData\Local\Packages\PythonSoftwareFoundation.Python.3.11_qbz5n2kfra8p0\LocalCache\local-packages\Python311\site-packages\aiogram\client\session\aiohttp.py", line 167, in make_request
    async with session.post(
  File "C:\Users\top67\AppData\Local\Packages\PythonSoftwareFoundation.Python.3.11_qbz5n2kfra8p0\LocalCache\local-packages\Python311\site-packages\aiohttp\client.py", line 1683, in __aenter__
    self._resp: _RetType_co = await self._coro
                              ^^^^^^^^^^^^^^^^
  File "C:\Users\top67\AppData\Local\Packages\PythonSoftwareFoundation.Python.3.11_qbz5n2kfra8p0\LocalCache\local-packages\Python311\site-packages\aiohttp\client.py", line 856, in _request
    resp = await handler(req)
           ^^^^^^^^^^^^^^^^^^
  File "C:\Users\top67\AppData\Local\Packages\PythonSoftwareFoundation.Python.3.11_qbz5n2kfra8p0\LocalCache\local-packages\Python311\site-packages\aiohttp\client.py", line 834, in _connect_and_send_request
    await resp.start(conn)
  File "C:\Users\top67\AppData\Local\Packages\PythonSoftwareFoundation.Python.3.11_qbz5n2kfra8p0\LocalCache\local-packages\Python311\site-packages\aiohttp\client_reqrep.py", line 557, in start
    message, payload = await protocol.read()  # type: ignore[union-attr]
                       ^^^^^^^^^^^^^^^^^^^^^
  File "C:\Users\top67\AppData\Local\Packages\PythonSoftwareFoundation.Python.3.11_qbz5n2kfra8p0\LocalCache\local-packages\Python311\site-packages\aiohttp\streams.py", line 698, in read
    await self._waiter
aiohttp.client_exceptions.ClientOSError: [WinError 1236] The network connection was aborted by the local system

The above exception was the direct cause of the following exception:

Traceback (most recent call last):
  File "C:\Users\top67\AppData\Local\Packages\PythonSoftwareFoundation.Python.3.11_qbz5n2kfra8p0\LocalCache\local-packages\Python311\site-packages\aiogram\dispatcher\dispatcher.py", line 320, in _process_update
    response = await self.feed_update(bot, update, **kwargs)
               ^^^^^^^^^^^^^^^^^^^^^^^^^^^^^^^^^^^^^^^^^^^^^
  File "C:\Users\top67\AppData\Local\Packages\PythonSoftwareFoundation.Python.3.11_qbz5n2kfra8p0\LocalCache\local-packages\Python311\site-packages\aiogram\dispatcher\dispatcher.py", line 164, in feed_update
    response = await self.update.wrap_outer_middleware(
               ^^^^^^^^^^^^^^^^^^^^^^^^^^^^^^^^^^^^^^^^
  File "C:\Users\top67\AppData\Local\Packages\PythonSoftwareFoundation.Python.3.11_qbz5n2kfra8p0\LocalCache\local-packages\Python311\site-packages\aiogram\dispatcher\middlewares\error.py", line 27, in __call__
    return await handler(event, data)
           ^^^^^^^^^^^^^^^^^^^^^^^^^^
  File "C:\Users\top67\AppData\Local\Packages\PythonSoftwareFoundation.Python.3.11_qbz5n2kfra8p0\LocalCache\local-packages\Python311\site-packages\aiogram\dispatcher\middlewares\user_context.py", line 58, in __call__
    return await handler(event, data)
           ^^^^^^^^^^^^^^^^^^^^^^^^^^
  File "C:\Users\top67\AppData\Local\Packages\PythonSoftwareFoundation.Python.3.11_qbz5n2kfra8p0\LocalCache\local-packages\Python311\site-packages\aiogram\fsm\middleware.py", line 43, in __call__
    return await handler(event, data)
           ^^^^^^^^^^^^^^^^^^^^^^^^^^
  File "C:\Users\top67\AppData\Local\Packages\PythonSoftwareFoundation.Python.3.11_qbz5n2kfra8p0\LocalCache\local-packages\Python311\site-packages\aiogram\dispatcher\event\telegram.py", line 126, in trigger
    return await wrapped_inner(event, kwargs)
           ^^^^^^^^^^^^^^^^^^^^^^^^^^^^^^^^^^
  File "C:\Users\top67\AppData\Local\Packages\PythonSoftwareFoundation.Python.3.11_qbz5n2kfra8p0\LocalCache\local-packages\Python311\site-packages\aiogram\dispatcher\event\handler.py", line 71, in call
    return await wrapped()
           ^^^^^^^^^^^^^^^
  File "C:\Users\top67\AppData\Local\Packages\PythonSoftwareFoundation.Python.3.11_qbz5n2kfra8p0\LocalCache\local-packages\Python311\site-packages\aiogram\dispatcher\dispatcher.py", line 283, in _listen_update
    return await self.propagate_event(update_type=update_type, event=event, **kwargs)
           ^^^^^^^^^^^^^^^^^^^^^^^^^^^^^^^^^^^^^^^^^^^^^^^^^^^^^^^^^^^^^^^^^^^^^^^^^^
  File "C:\Users\top67\AppData\Local\Packages\PythonSoftwareFoundation.Python.3.11_qbz5n2kfra8p0\LocalCache\local-packages\Python311\site-packages\aiogram\dispatcher\router.py", line 167, in propagate_event
    return await observer.wrap_outer_middleware(_wrapped, event=event, data=kwargs)
           ^^^^^^^^^^^^^^^^^^^^^^^^^^^^^^^^^^^^^^^^^^^^^^^^^^^^^^^^^^^^^^^^^^^^^^^^
  File "C:\Users\top67\Downloads\telegram-currency-bot\project\middlewares\subscription.py", line 81, in __call__
    return await handler(event, data)
           ^^^^^^^^^^^^^^^^^^^^^^^^^^
  File "C:\Users\top67\AppData\Local\Packages\PythonSoftwareFoundation.Python.3.11_qbz5n2kfra8p0\LocalCache\local-packages\Python311\site-packages\aiogram\dispatcher\router.py", line 159, in _wrapped
    return await self._propagate_event(
           ^^^^^^^^^^^^^^^^^^^^^^^^^^^^
  File "C:\Users\top67\AppData\Local\Packages\PythonSoftwareFoundation.Python.3.11_qbz5n2kfra8p0\LocalCache\local-packages\Python311\site-packages\aiogram\dispatcher\router.py", line 195, in _propagate_event
    response = await router.propagate_event(update_type=update_type, event=event, **kwargs)
               ^^^^^^^^^^^^^^^^^^^^^^^^^^^^^^^^^^^^^^^^^^^^^^^^^^^^^^^^^^^^^^^^^^^^^^^^^^^^
  File "C:\Users\top67\AppData\Local\Packages\PythonSoftwareFoundation.Python.3.11_qbz5n2kfra8p0\LocalCache\local-packages\Python311\site-packages\aiogram\dispatcher\router.py", line 167, in propagate_event
    return await observer.wrap_outer_middleware(_wrapped, event=event, data=kwargs)
           ^^^^^^^^^^^^^^^^^^^^^^^^^^^^^^^^^^^^^^^^^^^^^^^^^^^^^^^^^^^^^^^^^^^^^^^^
  File "C:\Users\top67\AppData\Local\Packages\PythonSoftwareFoundation.Python.3.11_qbz5n2kfra8p0\LocalCache\local-packages\Python311\site-packages\aiogram\dispatcher\router.py", line 159, in _wrapped
    return await self._propagate_event(
           ^^^^^^^^^^^^^^^^^^^^^^^^^^^^
  File "C:\Users\top67\AppData\Local\Packages\PythonSoftwareFoundation.Python.3.11_qbz5n2kfra8p0\LocalCache\local-packages\Python311\site-packages\aiogram\dispatcher\router.py", line 187, in _propagate_event
    response = await observer.trigger(event, **kwargs)
               ^^^^^^^^^^^^^^^^^^^^^^^^^^^^^^^^^^^^^^^
  File "C:\Users\top67\AppData\Local\Packages\PythonSoftwareFoundation.Python.3.11_qbz5n2kfra8p0\LocalCache\local-packages\Python311\site-packages\aiogram\dispatcher\event\telegram.py", line 126, in trigger
    return await wrapped_inner(event, kwargs)
           ^^^^^^^^^^^^^^^^^^^^^^^^^^^^^^^^^^
  File "C:\Users\top67\AppData\Local\Packages\PythonSoftwareFoundation.Python.3.11_qbz5n2kfra8p0\LocalCache\local-packages\Python311\site-packages\aiogram\dispatcher\event\handler.py", line 71, in call
    return await wrapped()
           ^^^^^^^^^^^^^^^
  File "C:\Users\top67\Downloads\telegram-currency-bot\project\handlers\start.py", line 25, in cmd_start
    await message.answer(
  File "C:\Users\top67\AppData\Local\Packages\PythonSoftwareFoundation.Python.3.11_qbz5n2kfra8p0\LocalCache\local-packages\Python311\site-packages\aiogram\methods\base.py", line 82, in emit
    return await bot(self)
           ^^^^^^^^^^^^^^^
  File "C:\Users\top67\AppData\Local\Packages\PythonSoftwareFoundation.Python.3.11_qbz5n2kfra8p0\LocalCache\local-packages\Python311\site-packages\aiogram\client\bot.py", line 514, in __call__
    return await self.session(self, method, timeout=request_timeout)
           ^^^^^^^^^^^^^^^^^^^^^^^^^^^^^^^^^^^^^^^^^^^^^^^^^^^^^^^^^
  File "C:\Users\top67\AppData\Local\Packages\PythonSoftwareFoundation.Python.3.11_qbz5n2kfra8p0\LocalCache\local-packages\Python311\site-packages\aiogram\client\session\base.py", line 259, in __call__
    return cast(TelegramType, await middleware(bot, method))
                              ^^^^^^^^^^^^^^^^^^^^^^^^^^^^^
  File "C:\Users\top67\AppData\Local\Packages\PythonSoftwareFoundation.Python.3.11_qbz5n2kfra8p0\LocalCache\local-packages\Python311\site-packages\aiogram\client\session\aiohttp.py", line 176, in make_request
    raise TelegramNetworkError(method=method, message=f"{type(e).__name__}: {e}") from e
aiogram.exceptions.TelegramNetworkError: HTTP Client says - ClientOSError: [WinError 1236] The network connection was aborted by the local system
2026-08-03 21:38:41 | ERROR    | aiogram.event | Cause exception while process update id=235319420 by bot id=8839138509
TelegramNetworkError: HTTP Client says - ClientOSError: [WinError 1236] The network connection was aborted by the local system
Traceback (most recent call last):
  File "C:\Program Files\WindowsApps\PythonSoftwareFoundation.Python.3.11_3.11.2544.0_x64__qbz5n2kfra8p0\Lib\asyncio\proactor_events.py", line 286, in _loop_reading
    length = fut.result()
             ^^^^^^^^^^^^
  File "C:\Program Files\WindowsApps\PythonSoftwareFoundation.Python.3.11_3.11.2544.0_x64__qbz5n2kfra8p0\Lib\asyncio\windows_events.py", line 854, in _poll
    value = callback(transferred, key, ov)
            ^^^^^^^^^^^^^^^^^^^^^^^^^^^^^^
  File "C:\Program Files\WindowsApps\PythonSoftwareFoundation.Python.3.11_3.11.2544.0_x64__qbz5n2kfra8p0\Lib\asyncio\windows_events.py", line 494, in finish_recv
    return ov.getresult()
           ^^^^^^^^^^^^^^
ConnectionAbortedError: [WinError 1236] The network connection was aborted by the local system

The above exception was the direct cause of the following exception:

Traceback (most recent call last):
  File "C:\Users\top67\AppData\Local\Packages\PythonSoftwareFoundation.Python.3.11_qbz5n2kfra8p0\LocalCache\local-packages\Python311\site-packages\aiogram\client\session\aiohttp.py", line 167, in make_request
    async with session.post(
  File "C:\Users\top67\AppData\Local\Packages\PythonSoftwareFoundation.Python.3.11_qbz5n2kfra8p0\LocalCache\local-packages\Python311\site-packages\aiohttp\client.py", line 1683, in __aenter__
    self._resp: _RetType_co = await self._coro
                              ^^^^^^^^^^^^^^^^
  File "C:\Users\top67\AppData\Local\Packages\PythonSoftwareFoundation.Python.3.11_qbz5n2kfra8p0\LocalCache\local-packages\Python311\site-packages\aiohttp\client.py", line 856, in _request
    resp = await handler(req)
           ^^^^^^^^^^^^^^^^^^
  File "C:\Users\top67\AppData\Local\Packages\PythonSoftwareFoundation.Python.3.11_qbz5n2kfra8p0\LocalCache\local-packages\Python311\site-packages\aiohttp\client.py", line 834, in _connect_and_send_request
    await resp.start(conn)
  File "C:\Users\top67\AppData\Local\Packages\PythonSoftwareFoundation.Python.3.11_qbz5n2kfra8p0\LocalCache\local-packages\Python311\site-packages\aiohttp\client_reqrep.py", line 557, in start
    message, payload = await protocol.read()  # type: ignore[union-attr]
                       ^^^^^^^^^^^^^^^^^^^^^
  File "C:\Users\top67\AppData\Local\Packages\PythonSoftwareFoundation.Python.3.11_qbz5n2kfra8p0\LocalCache\local-packages\Python311\site-packages\aiohttp\streams.py", line 698, in read
    await self._waiter
aiohttp.client_exceptions.ClientOSError: [WinError 1236] The network connection was aborted by the local system

The above exception was the direct cause of the following exception:

Traceback (most recent call last):
  File "C:\Users\top67\AppData\Local\Packages\PythonSoftwareFoundation.Python.3.11_qbz5n2kfra8p0\LocalCache\local-packages\Python311\site-packages\aiogram\dispatcher\dispatcher.py", line 320, in _process_update
    response = await self.feed_update(bot, update, **kwargs)
               ^^^^^^^^^^^^^^^^^^^^^^^^^^^^^^^^^^^^^^^^^^^^^
  File "C:\Users\top67\AppData\Local\Packages\PythonSoftwareFoundation.Python.3.11_qbz5n2kfra8p0\LocalCache\local-packages\Python311\site-packages\aiogram\dispatcher\dispatcher.py", line 164, in feed_update
    response = await self.update.wrap_outer_middleware(
               ^^^^^^^^^^^^^^^^^^^^^^^^^^^^^^^^^^^^^^^^
  File "C:\Users\top67\AppData\Local\Packages\PythonSoftwareFoundation.Python.3.11_qbz5n2kfra8p0\LocalCache\local-packages\Python311\site-packages\aiogram\dispatcher\middlewares\error.py", line 27, in __call__
    return await handler(event, data)
           ^^^^^^^^^^^^^^^^^^^^^^^^^^
  File "C:\Users\top67\AppData\Local\Packages\PythonSoftwareFoundation.Python.3.11_qbz5n2kfra8p0\LocalCache\local-packages\Python311\site-packages\aiogram\dispatcher\middlewares\user_context.py", line 58, in __call__
    return await handler(event, data)
           ^^^^^^^^^^^^^^^^^^^^^^^^^^
  File "C:\Users\top67\AppData\Local\Packages\PythonSoftwareFoundation.Python.3.11_qbz5n2kfra8p0\LocalCache\local-packages\Python311\site-packages\aiogram\fsm\middleware.py", line 43, in __call__
    return await handler(event, data)
           ^^^^^^^^^^^^^^^^^^^^^^^^^^
  File "C:\Users\top67\AppData\Local\Packages\PythonSoftwareFoundation.Python.3.11_qbz5n2kfra8p0\LocalCache\local-packages\Python311\site-packages\aiogram\dispatcher\event\telegram.py", line 126, in trigger
    return await wrapped_inner(event, kwargs)
           ^^^^^^^^^^^^^^^^^^^^^^^^^^^^^^^^^^
  File "C:\Users\top67\AppData\Local\Packages\PythonSoftwareFoundation.Python.3.11_qbz5n2kfra8p0\LocalCache\local-packages\Python311\site-packages\aiogram\dispatcher\event\handler.py", line 71, in call
    return await wrapped()
           ^^^^^^^^^^^^^^^
  File "C:\Users\top67\AppData\Local\Packages\PythonSoftwareFoundation.Python.3.11_qbz5n2kfra8p0\LocalCache\local-packages\Python311\site-packages\aiogram\dispatcher\dispatcher.py", line 283, in _listen_update
    return await self.propagate_event(update_type=update_type, event=event, **kwargs)
           ^^^^^^^^^^^^^^^^^^^^^^^^^^^^^^^^^^^^^^^^^^^^^^^^^^^^^^^^^^^^^^^^^^^^^^^^^^
  File "C:\Users\top67\AppData\Local\Packages\PythonSoftwareFoundation.Python.3.11_qbz5n2kfra8p0\LocalCache\local-packages\Python311\site-packages\aiogram\dispatcher\router.py", line 167, in propagate_event
    return await observer.wrap_outer_middleware(_wrapped, event=event, data=kwargs)
           ^^^^^^^^^^^^^^^^^^^^^^^^^^^^^^^^^^^^^^^^^^^^^^^^^^^^^^^^^^^^^^^^^^^^^^^^
  File "C:\Users\top67\Downloads\telegram-currency-bot\project\middlewares\subscription.py", line 81, in __call__
    return await handler(event, data)
           ^^^^^^^^^^^^^^^^^^^^^^^^^^
  File "C:\Users\top67\AppData\Local\Packages\PythonSoftwareFoundation.Python.3.11_qbz5n2kfra8p0\LocalCache\local-packages\Python311\site-packages\aiogram\dispatcher\router.py", line 159, in _wrapped
    return await self._propagate_event(
           ^^^^^^^^^^^^^^^^^^^^^^^^^^^^
  File "C:\Users\top67\AppData\Local\Packages\PythonSoftwareFoundation.Python.3.11_qbz5n2kfra8p0\LocalCache\local-packages\Python311\site-packages\aiogram\dispatcher\router.py", line 195, in _propagate_event
    response = await router.propagate_event(update_type=update_type, event=event, **kwargs)
               ^^^^^^^^^^^^^^^^^^^^^^^^^^^^^^^^^^^^^^^^^^^^^^^^^^^^^^^^^^^^^^^^^^^^^^^^^^^^
  File "C:\Users\top67\AppData\Local\Packages\PythonSoftwareFoundation.Python.3.11_qbz5n2kfra8p0\LocalCache\local-packages\Python311\site-packages\aiogram\dispatcher\router.py", line 167, in propagate_event
    return await observer.wrap_outer_middleware(_wrapped, event=event, data=kwargs)
           ^^^^^^^^^^^^^^^^^^^^^^^^^^^^^^^^^^^^^^^^^^^^^^^^^^^^^^^^^^^^^^^^^^^^^^^^
  File "C:\Users\top67\AppData\Local\Packages\PythonSoftwareFoundation.Python.3.11_qbz5n2kfra8p0\LocalCache\local-packages\Python311\site-packages\aiogram\dispatcher\router.py", line 159, in _wrapped
    return await self._propagate_event(
           ^^^^^^^^^^^^^^^^^^^^^^^^^^^^
  File "C:\Users\top67\AppData\Local\Packages\PythonSoftwareFoundation.Python.3.11_qbz5n2kfra8p0\LocalCache\local-packages\Python311\site-packages\aiogram\dispatcher\router.py", line 187, in _propagate_event
    response = await observer.trigger(event, **kwargs)
               ^^^^^^^^^^^^^^^^^^^^^^^^^^^^^^^^^^^^^^^
  File "C:\Users\top67\AppData\Local\Packages\PythonSoftwareFoundation.Python.3.11_qbz5n2kfra8p0\LocalCache\local-packages\Python311\site-packages\aiogram\dispatcher\event\telegram.py", line 126, in trigger
    return await wrapped_inner(event, kwargs)
           ^^^^^^^^^^^^^^^^^^^^^^^^^^^^^^^^^^
  File "C:\Users\top67\AppData\Local\Packages\PythonSoftwareFoundation.Python.3.11_qbz5n2kfra8p0\LocalCache\local-packages\Python311\site-packages\aiogram\dispatcher\event\handler.py", line 71, in call
    return await wrapped()
           ^^^^^^^^^^^^^^^
  File "C:\Users\top67\Downloads\telegram-currency-bot\project\handlers\start.py", line 25, in cmd_start
    await message.answer(
  File "C:\Users\top67\AppData\Local\Packages\PythonSoftwareFoundation.Python.3.11_qbz5n2kfra8p0\LocalCache\local-packages\Python311\site-packages\aiogram\methods\base.py", line 82, in emit
    return await bot(self)
           ^^^^^^^^^^^^^^^
  File "C:\Users\top67\AppData\Local\Packages\PythonSoftwareFoundation.Python.3.11_qbz5n2kfra8p0\LocalCache\local-packages\Python311\site-packages\aiogram\client\bot.py", line 514, in __call__
    return await self.session(self, method, timeout=request_timeout)
           ^^^^^^^^^^^^^^^^^^^^^^^^^^^^^^^^^^^^^^^^^^^^^^^^^^^^^^^^^
  File "C:\Users\top67\AppData\Local\Packages\PythonSoftwareFoundation.Python.3.11_qbz5n2kfra8p0\LocalCache\local-packages\Python311\site-packages\aiogram\client\session\base.py", line 259, in __call__
    return cast(TelegramType, await middleware(bot, method))
                              ^^^^^^^^^^^^^^^^^^^^^^^^^^^^^
  File "C:\Users\top67\AppData\Local\Packages\PythonSoftwareFoundation.Python.3.11_qbz5n2kfra8p0\LocalCache\local-packages\Python311\site-packages\aiogram\client\session\aiohttp.py", line 176, in make_request
    raise TelegramNetworkError(method=method, message=f"{type(e).__name__}: {e}") from e
aiogram.exceptions.TelegramNetworkError: HTTP Client says - ClientOSError: [WinError 1236] The network connection was aborted by the local system
2026-08-03 21:38:42 | INFO     | handlers.start | المستخدم 718795799 بدأ استخدام البوت.
2026-08-03 21:38:52 | INFO     | handlers.start | المستخدم 7119965681 بدأ استخدام البوت.
2026-08-03 21:39:31 | INFO     | handlers.start | المستخدم 7119965681 بدأ استخدام البوت.
2026-08-03 21:42:15 | INFO     | handlers.start | المستخدم 1934643656 بدأ استخدام البوت.
2026-08-03 21:42:54 | INFO     | handlers.start | المستخدم 1934643656 بدأ استخدام البوت.
2026-08-03 21:53:02 | INFO     | handlers.start | المستخدم 1934643656 بدأ استخدام البوت.
2026-08-03 22:00:00 | INFO     | scheduler.scheduler | تم نشر تحديث الأسعار في القناة بنجاح.
2026-08-03 22:00:01 | INFO     | database.db | تم تهيئة قاعدة البيانات بنجاح.
2026-08-03 22:00:01 | INFO     | scheduler.scheduler | تم تشغيل المجدول بنجاح، سيتم النشر كل ساعة تمامًا.
2026-08-03 22:00:01 | INFO     | __main__ | ✅ تم تشغيل البوت بنجاح.
2026-08-03 22:00:02 | ERROR    | aiogram.dispatcher | Failed to fetch updates - TelegramConflictError: Telegram server says - Conflict: terminated by other getUpdates request; make sure that only one bot instance is running
2026-08-03 22:00:02 | WARNING  | aiogram.dispatcher | Sleep for 1.000000 seconds and try again... (tryings = 0, bot id = 8839138509)
2026-08-03 22:00:06 | ERROR    | aiogram.dispatcher | Failed to fetch updates - TelegramConflictError: Telegram server says - Conflict: terminated by other getUpdates request; make sure that only one bot instance is running
2026-08-03 22:00:06 | WARNING  | aiogram.dispatcher | Sleep for 1.000000 seconds and try again... (tryings = 0, bot id = 8839138509)
2026-08-03 22:00:07 | ERROR    | aiogram.dispatcher | Failed to fetch updates - TelegramConflictError: Telegram server says - Conflict: terminated by other getUpdates request; make sure that only one bot instance is running
2026-08-03 22:00:07 | WARNING  | aiogram.dispatcher | Sleep for 1.232369 seconds and try again... (tryings = 1, bot id = 8839138509)
2026-08-03 22:00:11 | ERROR    | aiogram.dispatcher | Failed to fetch updates - TelegramConflictError: Telegram server says - Conflict: terminated by other getUpdates request; make sure that only one bot instance is running
2026-08-03 22:00:11 | WARNING  | aiogram.dispatcher | Sleep for 1.297491 seconds and try again... (tryings = 1, bot id = 8839138509)
2026-08-03 22:00:12 | ERROR    | aiogram.dispatcher | Failed to fetch updates - TelegramConflictError: Telegram server says - Conflict: terminated by other getUpdates request; make sure that only one bot instance is running
2026-08-03 22:00:12 | WARNING  | aiogram.dispatcher | Sleep for 1.631024 seconds and try again... (tryings = 2, bot id = 8839138509)
2026-08-03 22:00:17 | ERROR    | aiogram.dispatcher | Failed to fetch updates - TelegramConflictError: Telegram server says - Conflict: terminated by other getUpdates request; make sure that only one bot instance is running
2026-08-03 22:00:17 | WARNING  | aiogram.dispatcher | Sleep for 1.646940 seconds and try again... (tryings = 2, bot id = 8839138509)
2026-08-03 22:00:19 | ERROR    | aiogram.dispatcher | Failed to fetch updates - TelegramConflictError: Telegram server says - Conflict: terminated by other getUpdates request; make sure that only one bot instance is running
2026-08-03 22:00:19 | WARNING  | aiogram.dispatcher | Sleep for 2.169863 seconds and try again... (tryings = 3, bot id = 8839138509)
2026-08-03 22:00:24 | ERROR    | aiogram.dispatcher | Failed to fetch updates - TelegramConflictError: Telegram server says - Conflict: terminated by other getUpdates request; make sure that only one bot instance is running
2026-08-03 22:00:24 | WARNING  | aiogram.dispatcher | Sleep for 2.131730 seconds and try again... (tryings = 3, bot id = 8839138509)
2026-08-03 22:00:25 | INFO     | handlers.start | المستخدم 1934643656 بدأ استخدام البوت.
2026-08-03 22:00:26 | ERROR    | aiogram.dispatcher | Failed to fetch updates - TelegramConflictError: Telegram server says - Conflict: terminated by other getUpdates request; make sure that only one bot instance is running
2026-08-03 22:00:26 | WARNING  | aiogram.dispatcher | Sleep for 1.000000 seconds and try again... (tryings = 0, bot id = 8839138509)
2026-08-03 22:00:27 | ERROR    | handlers.currency | خطأ غير متوقع أثناء معالجة طلب السعر (syp).
Traceback (most recent call last):
  File "C:\Users\top67\Downloads\telegram-currency-bot\project\handlers\currency.py", line 75, in _handle_rate_request
    rate = await exchange_service.get_syp_try()
                 ^^^^^^^^^^^^^^^^^^^^^^^^^^^^
AttributeError: 'ExchangeService' object has no attribute 'get_syp_try'
2026-08-03 22:00:31 | ERROR    | aiogram.dispatcher | Failed to fetch updates - TelegramConflictError: Telegram server says - Conflict: terminated by other getUpdates request; make sure that only one bot instance is running
2026-08-03 22:00:31 | WARNING  | aiogram.dispatcher | Sleep for 1.000000 seconds and try again... (tryings = 0, bot id = 8839138509)
2026-08-03 22:00:32 | ERROR    | aiogram.dispatcher | Failed to fetch updates - TelegramConflictError: Telegram server says - Conflict: terminated by other getUpdates request; make sure that only one bot instance is running
2026-08-03 22:00:32 | WARNING  | aiogram.dispatcher | Sleep for 1.000000 seconds and try again... (tryings = 0, bot id = 8839138509)
2026-08-03 22:00:36 | ERROR    | aiogram.dispatcher | Failed to fetch updates - TelegramConflictError: Telegram server says - Conflict: terminated by other getUpdates request; make sure that only one bot instance is running
2026-08-03 22:00:36 | WARNING  | aiogram.dispatcher | Sleep for 1.253401 seconds and try again... (tryings = 1, bot id = 8839138509)
2026-08-03 22:00:37 | ERROR    | aiogram.dispatcher | Failed to fetch updates - TelegramConflictError: Telegram server says - Conflict: terminated by other getUpdates request; make sure that only one bot instance is running
2026-08-03 22:00:37 | WARNING  | aiogram.dispatcher | Sleep for 1.127623 seconds and try again... (tryings = 1, bot id = 8839138509)
2026-08-03 22:00:41 | ERROR    | aiogram.dispatcher | Failed to fetch updates - TelegramConflictError: Telegram server says - Conflict: terminated by other getUpdates request; make sure that only one bot instance is running
2026-08-03 22:00:41 | WARNING  | aiogram.dispatcher | Sleep for 1.000000 seconds and try again... (tryings = 0, bot id = 8839138509)
2026-08-03 22:00:42 | ERROR    | aiogram.dispatcher | Failed to fetch updates - TelegramConflictError: Telegram server says - Conflict: terminated by other getUpdates request; make sure that only one bot instance is running
2026-08-03 22:00:42 | WARNING  | aiogram.dispatcher | Sleep for 1.000000 seconds and try again... (tryings = 0, bot id = 8839138509)
2026-08-03 22:00:46 | ERROR    | aiogram.dispatcher | Failed to fetch updates - TelegramConflictError: Telegram server says - Conflict: terminated by other getUpdates request; make sure that only one bot instance is running
2026-08-03 22:00:46 | WARNING  | aiogram.dispatcher | Sleep for 1.427941 seconds and try again... (tryings = 1, bot id = 8839138509)
2026-08-03 22:00:48 | ERROR    | aiogram.dispatcher | Failed to fetch updates - TelegramConflictError: Telegram server says - Conflict: terminated by other getUpdates request; make sure that only one bot instance is running
2026-08-03 22:00:48 | WARNING  | aiogram.dispatcher | Sleep for 1.000000 seconds and try again... (tryings = 0, bot id = 8839138509)
2026-08-03 22:00:52 | ERROR    | aiogram.dispatcher | Failed to fetch updates - TelegramConflictError: Telegram server says - Conflict: terminated by other getUpdates request; make sure that only one bot instance is running
2026-08-03 22:00:52 | WARNING  | aiogram.dispatcher | Sleep for 1.803220 seconds and try again... (tryings = 2, bot id = 8839138509)
2026-08-03 22:00:54 | ERROR    | aiogram.dispatcher | Failed to fetch updates - TelegramConflictError: Telegram server says - Conflict: terminated by other getUpdates request; make sure that only one bot instance is running
2026-08-03 22:00:54 | WARNING  | aiogram.dispatcher | Sleep for 1.415868 seconds and try again... (tryings = 1, bot id = 8839138509)
2026-08-03 22:00:58 | ERROR    | aiogram.dispatcher | Failed to fetch updates - TelegramConflictError: Telegram server says - Conflict: terminated by other getUpdates request; make sure that only one bot instance is running
2026-08-03 22:00:58 | WARNING  | aiogram.dispatcher | Sleep for 2.256880 seconds and try again... (tryings = 3, bot id = 8839138509)
2026-08-03 22:01:01 | ERROR    | aiogram.dispatcher | Failed to fetch updates - TelegramConflictError: Telegram server says - Conflict: terminated by other getUpdates request; make sure that only one bot instance is running
2026-08-03 22:01:01 | WARNING  | aiogram.dispatcher | Sleep for 1.930176 seconds and try again... (tryings = 2, bot id = 8839138509)
2026-08-03 22:01:06 | ERROR    | aiogram.dispatcher | Failed to fetch updates - TelegramConflictError: Telegram server says - Conflict: terminated by other getUpdates request; make sure that only one bot instance is running
2026-08-03 22:01:06 | WARNING  | aiogram.dispatcher | Sleep for 2.794747 seconds and try again... (tryings = 4, bot id = 8839138509)
2026-08-03 22:01:09 | ERROR    | aiogram.dispatcher | Failed to fetch updates - TelegramConflictError: Telegram server says - Conflict: terminated by other getUpdates request; make sure that only one bot instance is running
2026-08-03 22:01:09 | WARNING  | aiogram.dispatcher | Sleep for 2.568111 seconds and try again... (tryings = 3, bot id = 8839138509)
2026-08-03 22:01:14 | ERROR    | aiogram.dispatcher | Failed to fetch updates - TelegramConflictError: Telegram server says - Conflict: terminated by other getUpdates request; make sure that only one bot instance is running
2026-08-03 22:01:14 | WARNING  | aiogram.dispatcher | Sleep for 3.651014 seconds and try again... (tryings = 5, bot id = 8839138509)
2026-08-03 22:01:18 | ERROR    | aiogram.dispatcher | Failed to fetch updates - TelegramConflictError: Telegram server says - Conflict: terminated by other getUpdates request; make sure that only one bot instance is running
2026-08-03 22:01:18 | WARNING  | aiogram.dispatcher | Sleep for 3.349110 seconds and try again... (tryings = 4, bot id = 8839138509)
2026-08-03 22:01:21 | ERROR    | aiogram.dispatcher | Failed to fetch updates - TelegramConflictError: Telegram server says - Conflict: terminated by other getUpdates request; make sure that only one bot instance is running
2026-08-03 22:01:21 | WARNING  | aiogram.dispatcher | Sleep for 4.763366 seconds and try again... (tryings = 6, bot id = 8839138509)
2026-08-03 22:01:26 | ERROR    | aiogram.dispatcher | Failed to fetch updates - TelegramConflictError: Telegram server says - Conflict: terminated by other getUpdates request; make sure that only one bot instance is running
2026-08-03 22:01:26 | WARNING  | aiogram.dispatcher | Sleep for 4.200499 seconds and try again... (tryings = 5, bot id = 8839138509)
2026-08-03 22:01:31 | ERROR    | aiogram.dispatcher | Failed to fetch updates - TelegramConflictError: Telegram server says - Conflict: terminated by other getUpdates request; make sure that only one bot instance is running
2026-08-03 22:01:31 | WARNING  | aiogram.dispatcher | Sleep for 4.934024 seconds and try again... (tryings = 7, bot id = 8839138509)
2026-08-03 22:01:36 | ERROR    | aiogram.dispatcher | Failed to fetch updates - TelegramConflictError: Telegram server says - Conflict: terminated by other getUpdates request; make sure that only one bot instance is running
2026-08-03 22:01:36 | WARNING  | aiogram.dispatcher | Sleep for 4.992521 seconds and try again... (tryings = 6, bot id = 8839138509)
2026-08-03 22:01:41 | ERROR    | aiogram.dispatcher | Failed to fetch updates - TelegramConflictError: Telegram server says - Conflict: terminated by other getUpdates request; make sure that only one bot instance is running
2026-08-03 22:01:41 | WARNING  | aiogram.dispatcher | Sleep for 5.067537 seconds and try again... (tryings = 8, bot id = 8839138509)
2026-08-03 22:01:46 | ERROR    | aiogram.dispatcher | Failed to fetch updates - TelegramConflictError: Telegram server says - Conflict: terminated by other getUpdates request; make sure that only one bot instance is running
2026-08-03 22:01:46 | WARNING  | aiogram.dispatcher | Sleep for 1.000000 seconds and try again... (tryings = 0, bot id = 8839138509)
2026-08-03 22:01:50 | ERROR    | aiogram.dispatcher | Failed to fetch updates - TelegramConflictError: Telegram server says - Conflict: terminated by other getUpdates request; make sure that only one bot instance is running
2026-08-03 22:01:50 | WARNING  | aiogram.dispatcher | Sleep for 5.032141 seconds and try again... (tryings = 9, bot id = 8839138509)
2026-08-03 22:01:55 | ERROR    | aiogram.dispatcher | Failed to fetch updates - TelegramConflictError: Telegram server says - Conflict: terminated by other getUpdates request; make sure that only one bot instance is running
2026-08-03 22:01:55 | WARNING  | aiogram.dispatcher | Sleep for 1.000000 seconds and try again... (tryings = 0, bot id = 8839138509)
2026-08-03 22:01:59 | ERROR    | aiogram.dispatcher | Failed to fetch updates - TelegramConflictError: Telegram server says - Conflict: terminated by other getUpdates request; make sure that only one bot instance is running
2026-08-03 22:01:59 | WARNING  | aiogram.dispatcher | Sleep for 5.000730 seconds and try again... (tryings = 10, bot id = 8839138509)
2026-08-03 22:02:04 | ERROR    | aiogram.dispatcher | Failed to fetch updates - TelegramConflictError: Telegram server says - Conflict: terminated by other getUpdates request; make sure that only one bot instance is running
2026-08-03 22:02:04 | WARNING  | aiogram.dispatcher | Sleep for 1.220505 seconds and try again... (tryings = 1, bot id = 8839138509)
2026-08-03 22:02:09 | ERROR    | aiogram.dispatcher | Failed to fetch updates - TelegramConflictError: Telegram server says - Conflict: terminated by other getUpdates request; make sure that only one bot instance is running
2026-08-03 22:02:09 | WARNING  | aiogram.dispatcher | Sleep for 4.980188 seconds and try again... (tryings = 11, bot id = 8839138509)
2026-08-03 22:02:11 | INFO     | database.db | تم تهيئة قاعدة البيانات بنجاح.
2026-08-03 22:02:11 | INFO     | scheduler.scheduler | تم تشغيل المجدول بنجاح، سيتم النشر كل ساعة تمامًا.
2026-08-03 22:02:11 | INFO     | __main__ | ✅ تم تشغيل البوت بنجاح.
2026-08-03 22:02:11 | ERROR    | aiogram.dispatcher | Failed to fetch updates - TelegramConflictError: Telegram server says - Conflict: terminated by other getUpdates request; make sure that only one bot instance is running
2026-08-03 22:02:11 | WARNING  | aiogram.dispatcher | Sleep for 1.747389 seconds and try again... (tryings = 2, bot id = 8839138509)
2026-08-03 22:02:16 | ERROR    | aiogram.dispatcher | Failed to fetch updates - TelegramConflictError: Telegram server says - Conflict: terminated by other getUpdates request; make sure that only one bot instance is running
2026-08-03 22:02:16 | WARNING  | aiogram.dispatcher | Sleep for 1.000000 seconds and try again... (tryings = 0, bot id = 8839138509)
2026-08-03 22:02:17 | ERROR    | aiogram.dispatcher | Failed to fetch updates - TelegramConflictError: Telegram server says - Conflict: terminated by other getUpdates request; make sure that only one bot instance is running
2026-08-03 22:02:17 | WARNING  | aiogram.dispatcher | Sleep for 2.154288 seconds and try again... (tryings = 3, bot id = 8839138509)
2026-08-03 22:02:17 | ERROR    | aiogram.dispatcher | Failed to fetch updates - TelegramConflictError: Telegram server says - Conflict: terminated by other getUpdates request; make sure that only one bot instance is running
2026-08-03 22:02:17 | WARNING  | aiogram.dispatcher | Sleep for 1.000000 seconds and try again... (tryings = 0, bot id = 8839138509)
2026-08-03 22:02:17 | INFO     | handlers.start | المستخدم 1934643656 بدأ استخدام البوت.
2026-08-03 22:02:21 | ERROR    | aiogram.dispatcher | Failed to fetch updates - TelegramConflictError: Telegram server says - Conflict: terminated by other getUpdates request; make sure that only one bot instance is running
2026-08-03 22:02:21 | WARNING  | aiogram.dispatcher | Sleep for 1.318877 seconds and try again... (tryings = 1, bot id = 8839138509)
2026-08-03 22:02:22 | ERROR    | aiogram.dispatcher | Failed to fetch updates - TelegramConflictError: Telegram server says - Conflict: terminated by other getUpdates request; make sure that only one bot instance is running
2026-08-03 22:02:22 | WARNING  | aiogram.dispatcher | Sleep for 1.245199 seconds and try again... (tryings = 1, bot id = 8839138509)
2026-08-03 22:02:23 | ERROR    | aiogram.dispatcher | Failed to fetch updates - TelegramConflictError: Telegram server says - Conflict: terminated by other getUpdates request; make sure that only one bot instance is running
2026-08-03 22:02:23 | WARNING  | aiogram.dispatcher | Sleep for 1.000000 seconds and try again... (tryings = 0, bot id = 8839138509)
2026-08-03 22:02:26 | ERROR    | aiogram.dispatcher | Failed to fetch updates - TelegramConflictError: Telegram server says - Conflict: terminated by other getUpdates request; make sure that only one bot instance is running
2026-08-03 22:02:26 | WARNING  | aiogram.dispatcher | Sleep for 1.632693 seconds and try again... (tryings = 2, bot id = 8839138509)
2026-08-03 22:02:27 | ERROR    | aiogram.dispatcher | Failed to fetch updates - TelegramConflictError: Telegram server says - Conflict: terminated by other getUpdates request; make sure that only one bot instance is running
2026-08-03 22:02:27 | WARNING  | aiogram.dispatcher | Sleep for 1.579115 seconds and try again... (tryings = 2, bot id = 8839138509)
2026-08-03 22:02:28 | ERROR    | aiogram.dispatcher | Failed to fetch updates - TelegramConflictError: Telegram server says - Conflict: terminated by other getUpdates request; make sure that only one bot instance is running
2026-08-03 22:02:28 | WARNING  | aiogram.dispatcher | Sleep for 1.247676 seconds and try again... (tryings = 1, bot id = 8839138509)
2026-08-03 22:02:31 | ERROR    | aiogram.dispatcher | Failed to fetch updates - TelegramConflictError: Telegram server says - Conflict: terminated by other getUpdates request; make sure that only one bot instance is running
2026-08-03 22:02:31 | WARNING  | aiogram.dispatcher | Sleep for 2.164402 seconds and try again... (tryings = 3, bot id = 8839138509)
2026-08-03 22:02:32 | ERROR    | aiogram.dispatcher | Failed to fetch updates - TelegramConflictError: Telegram server says - Conflict: terminated by other getUpdates request; make sure that only one bot instance is running
2026-08-03 22:02:32 | WARNING  | aiogram.dispatcher | Sleep for 2.080167 seconds and try again... (tryings = 3, bot id = 8839138509)
2026-08-03 22:02:34 | ERROR    | aiogram.dispatcher | Failed to fetch updates - TelegramConflictError: Telegram server says - Conflict: terminated by other getUpdates request; make sure that only one bot instance is running
2026-08-03 22:02:34 | WARNING  | aiogram.dispatcher | Sleep for 1.617699 seconds and try again... (tryings = 2, bot id = 8839138509)
2026-08-03 22:02:37 | ERROR    | aiogram.dispatcher | Failed to fetch updates - TelegramConflictError: Telegram server says - Conflict: terminated by other getUpdates request; make sure that only one bot instance is running
2026-08-03 22:02:37 | WARNING  | aiogram.dispatcher | Sleep for 2.889510 seconds and try again... (tryings = 4, bot id = 8839138509)
2026-08-03 22:02:38 | ERROR    | aiogram.dispatcher | Failed to fetch updates - TelegramConflictError: Telegram server says - Conflict: terminated by other getUpdates request; make sure that only one bot instance is running
2026-08-03 22:02:38 | WARNING  | aiogram.dispatcher | Sleep for 2.724222 seconds and try again... (tryings = 4, bot id = 8839138509)
2026-08-03 22:02:40 | ERROR    | aiogram.dispatcher | Failed to fetch updates - TelegramConflictError: Telegram server says - Conflict: terminated by other getUpdates request; make sure that only one bot instance is running
2026-08-03 22:02:40 | WARNING  | aiogram.dispatcher | Sleep for 1.000000 seconds and try again... (tryings = 0, bot id = 8839138509)
2026-08-03 22:02:42 | ERROR    | handlers.currency | خطأ غير متوقع أثناء معالجة طلب السعر (eur).
Traceback (most recent call last):
  File "C:\Users\top67\Downloads\telegram-currency-bot\project\handlers\currency.py", line 81, in _handle_rate_request
    await callback.message.edit_text(text, reply_markup=back_to_menu_keyboard())
  File "C:\Users\top67\AppData\Local\Packages\PythonSoftwareFoundation.Python.3.11_qbz5n2kfra8p0\LocalCache\local-packages\Python311\site-packages\aiogram\methods\base.py", line 82, in emit
    return await bot(self)
           ^^^^^^^^^^^^^^^
  File "C:\Users\top67\AppData\Local\Packages\PythonSoftwareFoundation.Python.3.11_qbz5n2kfra8p0\LocalCache\local-packages\Python311\site-packages\aiogram\client\bot.py", line 514, in __call__
    return await self.session(self, method, timeout=request_timeout)
           ^^^^^^^^^^^^^^^^^^^^^^^^^^^^^^^^^^^^^^^^^^^^^^^^^^^^^^^^^
  File "C:\Users\top67\AppData\Local\Packages\PythonSoftwareFoundation.Python.3.11_qbz5n2kfra8p0\LocalCache\local-packages\Python311\site-packages\aiogram\client\session\base.py", line 259, in __call__
    return cast(TelegramType, await middleware(bot, method))
                              ^^^^^^^^^^^^^^^^^^^^^^^^^^^^^
  File "C:\Users\top67\AppData\Local\Packages\PythonSoftwareFoundation.Python.3.11_qbz5n2kfra8p0\LocalCache\local-packages\Python311\site-packages\aiogram\client\session\aiohttp.py", line 177, in make_request
    response = self.check_response(
               ^^^^^^^^^^^^^^^^^^^^
  File "C:\Users\top67\AppData\Local\Packages\PythonSoftwareFoundation.Python.3.11_qbz5n2kfra8p0\LocalCache\local-packages\Python311\site-packages\aiogram\client\session\base.py", line 121, in check_response
    raise TelegramBadRequest(method=method, message=description)
aiogram.exceptions.TelegramBadRequest: Telegram server says - Bad Request: message is not modified: specified new message content and reply markup are exactly the same as a current content and reply markup of the message
2026-08-03 22:02:44 | ERROR    | aiogram.dispatcher | Failed to fetch updates - TelegramConflictError: Telegram server says - Conflict: terminated by other getUpdates request; make sure that only one bot instance is running
2026-08-03 22:02:44 | WARNING  | aiogram.dispatcher | Sleep for 1.000000 seconds and try again... (tryings = 0, bot id = 8839138509)
2026-08-03 22:02:45 | ERROR    | aiogram.dispatcher | Failed to fetch updates - TelegramConflictError: Telegram server says - Conflict: terminated by other getUpdates request; make sure that only one bot instance is running
2026-08-03 22:02:45 | WARNING  | aiogram.dispatcher | Sleep for 1.000000 seconds and try again... (tryings = 0, bot id = 8839138509)
2026-08-03 22:02:45 | ERROR    | aiogram.dispatcher | Failed to fetch updates - TelegramConflictError: Telegram server says - Conflict: terminated by other getUpdates request; make sure that only one bot instance is running
2026-08-03 22:02:45 | WARNING  | aiogram.dispatcher | Sleep for 1.000000 seconds and try again... (tryings = 0, bot id = 8839138509)
2026-08-03 22:02:49 | ERROR    | aiogram.dispatcher | Failed to fetch updates - TelegramConflictError: Telegram server says - Conflict: terminated by other getUpdates request; make sure that only one bot instance is running
2026-08-03 22:02:49 | WARNING  | aiogram.dispatcher | Sleep for 1.358450 seconds and try again... (tryings = 1, bot id = 8839138509)
2026-08-03 22:02:49 | ERROR    | aiogram.dispatcher | Failed to fetch updates - TelegramConflictError: Telegram server says - Conflict: terminated by other getUpdates request; make sure that only one bot instance is running
2026-08-03 22:02:49 | WARNING  | aiogram.dispatcher | Sleep for 1.283704 seconds and try again... (tryings = 1, bot id = 8839138509)
2026-08-03 22:02:51 | ERROR    | aiogram.dispatcher | Failed to fetch updates - TelegramConflictError: Telegram server says - Conflict: terminated by other getUpdates request; make sure that only one bot instance is running
2026-08-03 22:02:51 | WARNING  | aiogram.dispatcher | Sleep for 1.000000 seconds and try again... (tryings = 0, bot id = 8839138509)
2026-08-03 22:02:54 | ERROR    | aiogram.dispatcher | Failed to fetch updates - TelegramConflictError: Telegram server says - Conflict: terminated by other getUpdates request; make sure that only one bot instance is running
2026-08-03 22:02:54 | WARNING  | aiogram.dispatcher | Sleep for 1.693376 seconds and try again... (tryings = 2, bot id = 8839138509)
2026-08-03 22:02:55 | ERROR    | aiogram.dispatcher | Failed to fetch updates - TelegramConflictError: Telegram server says - Conflict: terminated by other getUpdates request; make sure that only one bot instance is running
2026-08-03 22:02:55 | WARNING  | aiogram.dispatcher | Sleep for 1.774773 seconds and try again... (tryings = 2, bot id = 8839138509)
2026-08-03 22:02:55 | ERROR    | aiogram.dispatcher | Failed to fetch updates - TelegramConflictError: Telegram server says - Conflict: terminated by other getUpdates request; make sure that only one bot instance is running
2026-08-03 22:02:55 | WARNING  | aiogram.dispatcher | Sleep for 1.287242 seconds and try again... (tryings = 1, bot id = 8839138509)
2026-08-03 22:03:00 | ERROR    | aiogram.dispatcher | Failed to fetch updates - TelegramConflictError: Telegram server says - Conflict: terminated by other getUpdates request; make sure that only one bot instance is running
2026-08-03 22:03:00 | WARNING  | aiogram.dispatcher | Sleep for 2.238186 seconds and try again... (tryings = 3, bot id = 8839138509)
2026-08-03 22:03:00 | ERROR    | aiogram.dispatcher | Failed to fetch updates - TelegramConflictError: Telegram server says - Conflict: terminated by other getUpdates request; make sure that only one bot instance is running
2026-08-03 22:03:00 | WARNING  | aiogram.dispatcher | Sleep for 2.552968 seconds and try again... (tryings = 3, bot id = 8839138509)
2026-08-03 22:03:02 | ERROR    | aiogram.dispatcher | Failed to fetch updates - TelegramConflictError: Telegram server says - Conflict: terminated by other getUpdates request; make sure that only one bot instance is running
2026-08-03 22:03:02 | WARNING  | aiogram.dispatcher | Sleep for 1.535993 seconds and try again... (tryings = 2, bot id = 8839138509)
2026-08-03 22:03:05 | ERROR    | aiogram.dispatcher | Failed to fetch updates - TelegramConflictError: Telegram server says - Conflict: terminated by other getUpdates request; make sure that only one bot instance is running
2026-08-03 22:03:05 | WARNING  | aiogram.dispatcher | Sleep for 3.004218 seconds and try again... (tryings = 4, bot id = 8839138509)
2026-08-03 22:03:06 | ERROR    | aiogram.dispatcher | Failed to fetch updates - TelegramConflictError: Telegram server says - Conflict: terminated by other getUpdates request; make sure that only one bot instance is running
2026-08-03 22:03:06 | WARNING  | aiogram.dispatcher | Sleep for 3.495177 seconds and try again... (tryings = 4, bot id = 8839138509)
2026-08-03 22:03:08 | ERROR    | aiogram.dispatcher | Failed to fetch updates - TelegramConflictError: Telegram server says - Conflict: terminated by other getUpdates request; make sure that only one bot instance is running
2026-08-03 22:03:08 | WARNING  | aiogram.dispatcher | Sleep for 2.101613 seconds and try again... (tryings = 3, bot id = 8839138509)
2026-08-03 22:03:13 | ERROR    | aiogram.dispatcher | Failed to fetch updates - TelegramConflictError: Telegram server says - Conflict: terminated by other getUpdates request; make sure that only one bot instance is running
2026-08-03 22:03:13 | WARNING  | aiogram.dispatcher | Sleep for 3.843835 seconds and try again... (tryings = 5, bot id = 8839138509)
2026-08-03 22:03:14 | ERROR    | aiogram.dispatcher | Failed to fetch updates - TelegramConflictError: Telegram server says - Conflict: terminated by other getUpdates request; make sure that only one bot instance is running
2026-08-03 22:03:14 | WARNING  | aiogram.dispatcher | Sleep for 4.656493 seconds and try again... (tryings = 5, bot id = 8839138509)
2026-08-03 22:03:17 | ERROR    | aiogram.dispatcher | Failed to fetch updates - TelegramConflictError: Telegram server says - Conflict: terminated by other getUpdates request; make sure that only one bot instance is running
2026-08-03 22:03:17 | WARNING  | aiogram.dispatcher | Sleep for 2.567052 seconds and try again... (tryings = 4, bot id = 8839138509)
2026-08-03 22:03:21 | ERROR    | aiogram.dispatcher | Failed to fetch updates - TelegramConflictError: Telegram server says - Conflict: terminated by other getUpdates request; make sure that only one bot instance is running
2026-08-03 22:03:21 | WARNING  | aiogram.dispatcher | Sleep for 5.091886 seconds and try again... (tryings = 6, bot id = 8839138509)
2026-08-03 22:03:23 | ERROR    | aiogram.dispatcher | Failed to fetch updates - TelegramConflictError: Telegram server says - Conflict: terminated by other getUpdates request; make sure that only one bot instance is running
2026-08-03 22:03:23 | WARNING  | aiogram.dispatcher | Sleep for 4.901859 seconds and try again... (tryings = 6, bot id = 8839138509)
2026-08-03 22:03:26 | ERROR    | aiogram.dispatcher | Failed to fetch updates - TelegramConflictError: Telegram server says - Conflict: terminated by other getUpdates request; make sure that only one bot instance is running
2026-08-03 22:03:26 | WARNING  | aiogram.dispatcher | Sleep for 3.338184 seconds and try again... (tryings = 5, bot id = 8839138509)
2026-08-03 22:03:30 | ERROR    | aiogram.dispatcher | Failed to fetch updates - TelegramConflictError: Telegram server says - Conflict: terminated by other getUpdates request; make sure that only one bot instance is running
2026-08-03 22:03:30 | WARNING  | aiogram.dispatcher | Sleep for 4.872852 seconds and try again... (tryings = 7, bot id = 8839138509)
2026-08-03 22:03:31 | ERROR    | aiogram.dispatcher | Failed to fetch updates - TelegramConflictError: Telegram server says - Conflict: terminated by other getUpdates request; make sure that only one bot instance is running
2026-08-03 22:03:31 | WARNING  | aiogram.dispatcher | Sleep for 5.162322 seconds and try again... (tryings = 7, bot id = 8839138509)
2026-08-03 22:03:35 | ERROR    | aiogram.dispatcher | Failed to fetch updates - TelegramConflictError: Telegram server says - Conflict: terminated by other getUpdates request; make sure that only one bot instance is running
2026-08-03 22:03:35 | WARNING  | aiogram.dispatcher | Sleep for 4.274999 seconds and try again... (tryings = 6, bot id = 8839138509)
2026-08-03 22:03:39 | ERROR    | aiogram.dispatcher | Failed to fetch updates - TelegramConflictError: Telegram server says - Conflict: terminated by other getUpdates request; make sure that only one bot instance is running
2026-08-03 22:03:39 | WARNING  | aiogram.dispatcher | Sleep for 4.986084 seconds and try again... (tryings = 8, bot id = 8839138509)
2026-08-03 22:03:39 | ERROR    | aiogram.dispatcher | Failed to fetch updates - TelegramConflictError: Telegram server says - Conflict: terminated by other getUpdates request; make sure that only one bot instance is running
2026-08-03 22:03:39 | WARNING  | aiogram.dispatcher | Sleep for 5.020121 seconds and try again... (tryings = 8, bot id = 8839138509)
2026-08-03 22:03:44 | ERROR    | aiogram.dispatcher | Failed to fetch updates - TelegramConflictError: Telegram server says - Conflict: terminated by other getUpdates request; make sure that only one bot instance is running
2026-08-03 22:03:44 | WARNING  | aiogram.dispatcher | Sleep for 5.011287 seconds and try again... (tryings = 7, bot id = 8839138509)
2026-08-03 22:03:47 | ERROR    | aiogram.dispatcher | Failed to fetch updates - TelegramConflictError: Telegram server says - Conflict: terminated by other getUpdates request; make sure that only one bot instance is running
2026-08-03 22:03:47 | WARNING  | aiogram.dispatcher | Sleep for 5.018422 seconds and try again... (tryings = 9, bot id = 8839138509)
2026-08-03 22:03:49 | ERROR    | aiogram.dispatcher | Failed to fetch updates - TelegramConflictError: Telegram server says - Conflict: terminated by other getUpdates request; make sure that only one bot instance is running
2026-08-03 22:03:49 | WARNING  | aiogram.dispatcher | Sleep for 4.882854 seconds and try again... (tryings = 9, bot id = 8839138509)
2026-08-03 22:03:52 | ERROR    | aiogram.dispatcher | Failed to fetch updates - TelegramConflictError: Telegram server says - Conflict: terminated by other getUpdates request; make sure that only one bot instance is running
2026-08-03 22:03:52 | WARNING  | aiogram.dispatcher | Sleep for 5.077912 seconds and try again... (tryings = 8, bot id = 8839138509)
2026-08-03 22:03:57 | ERROR    | aiogram.dispatcher | Failed to fetch updates - TelegramConflictError: Telegram server says - Conflict: terminated by other getUpdates request; make sure that only one bot instance is running
2026-08-03 22:03:57 | WARNING  | aiogram.dispatcher | Sleep for 5.052117 seconds and try again... (tryings = 10, bot id = 8839138509)
2026-08-03 22:03:58 | ERROR    | aiogram.dispatcher | Failed to fetch updates - TelegramConflictError: Telegram server says - Conflict: terminated by other getUpdates request; make sure that only one bot instance is running
2026-08-03 22:03:58 | WARNING  | aiogram.dispatcher | Sleep for 4.946068 seconds and try again... (tryings = 10, bot id = 8839138509)
2026-08-03 22:04:02 | ERROR    | aiogram.dispatcher | Failed to fetch updates - TelegramConflictError: Telegram server says - Conflict: terminated by other getUpdates request; make sure that only one bot instance is running
2026-08-03 22:04:02 | WARNING  | aiogram.dispatcher | Sleep for 5.088786 seconds and try again... (tryings = 9, bot id = 8839138509)
2026-08-03 22:04:06 | ERROR    | aiogram.dispatcher | Failed to fetch updates - TelegramConflictError: Telegram server says - Conflict: terminated by other getUpdates request; make sure that only one bot instance is running
2026-08-03 22:04:06 | WARNING  | aiogram.dispatcher | Sleep for 4.804417 seconds and try again... (tryings = 11, bot id = 8839138509)
2026-08-03 22:04:07 | ERROR    | aiogram.dispatcher | Failed to fetch updates - TelegramConflictError: Telegram server says - Conflict: terminated by other getUpdates request; make sure that only one bot instance is running
2026-08-03 22:04:07 | WARNING  | aiogram.dispatcher | Sleep for 5.245526 seconds and try again... (tryings = 11, bot id = 8839138509)
2026-08-03 22:04:10 | ERROR    | aiogram.dispatcher | Failed to fetch updates - TelegramConflictError: Telegram server says - Conflict: terminated by other getUpdates request; make sure that only one bot instance is running
2026-08-03 22:04:10 | WARNING  | aiogram.dispatcher | Sleep for 4.904642 seconds and try again... (tryings = 10, bot id = 8839138509)
2026-08-03 22:04:15 | ERROR    | aiogram.dispatcher | Failed to fetch updates - TelegramConflictError: Telegram server says - Conflict: terminated by other getUpdates request; make sure that only one bot instance is running
2026-08-03 22:04:15 | WARNING  | aiogram.dispatcher | Sleep for 4.787071 seconds and try again... (tryings = 12, bot id = 8839138509)
2026-08-03 22:04:16 | ERROR    | aiogram.dispatcher | Failed to fetch updates - TelegramConflictError: Telegram server says - Conflict: terminated by other getUpdates request; make sure that only one bot instance is running
2026-08-03 22:04:16 | WARNING  | aiogram.dispatcher | Sleep for 5.144586 seconds and try again... (tryings = 12, bot id = 8839138509)
2026-08-03 22:04:20 | ERROR    | aiogram.dispatcher | Failed to fetch updates - TelegramConflictError: Telegram server says - Conflict: terminated by other getUpdates request; make sure that only one bot instance is running
2026-08-03 22:04:20 | WARNING  | aiogram.dispatcher | Sleep for 4.914348 seconds and try again... (tryings = 11, bot id = 8839138509)
2026-08-03 22:04:24 | ERROR    | aiogram.dispatcher | Failed to fetch updates - TelegramConflictError: Telegram server says - Conflict: terminated by other getUpdates request; make sure that only one bot instance is running
2026-08-03 22:04:24 | WARNING  | aiogram.dispatcher | Sleep for 5.012529 seconds and try again... (tryings = 13, bot id = 8839138509)
2026-08-03 22:04:25 | INFO     | database.db | تم تهيئة قاعدة البيانات بنجاح.
2026-08-03 22:04:25 | INFO     | scheduler.scheduler | تم تشغيل المجدول بنجاح، سيتم النشر كل ساعة تمامًا.
2026-08-03 22:04:25 | INFO     | __main__ | ✅ تم تشغيل البوت بنجاح.
2026-08-03 22:04:25 | ERROR    | aiogram.dispatcher | Failed to fetch updates - TelegramConflictError: Telegram server says - Conflict: terminated by other getUpdates request; make sure that only one bot instance is running
2026-08-03 22:04:25 | WARNING  | aiogram.dispatcher | Sleep for 4.916598 seconds and try again... (tryings = 13, bot id = 8839138509)
2026-08-03 22:04:28 | ERROR    | aiogram.dispatcher | Failed to fetch updates - TelegramConflictError: Telegram server says - Conflict: terminated by other getUpdates request; make sure that only one bot instance is running
2026-08-03 22:04:28 | WARNING  | aiogram.dispatcher | Sleep for 5.037754 seconds and try again... (tryings = 12, bot id = 8839138509)
2026-08-03 22:04:29 | ERROR    | aiogram.dispatcher | Failed to fetch updates - TelegramConflictError: Telegram server says - Conflict: terminated by other getUpdates request; make sure that only one bot instance is running
2026-08-03 22:04:29 | WARNING  | aiogram.dispatcher | Sleep for 1.000000 seconds and try again... (tryings = 0, bot id = 8839138509)
2026-08-03 22:04:33 | ERROR    | aiogram.dispatcher | Failed to fetch updates - TelegramConflictError: Telegram server says - Conflict: terminated by other getUpdates request; make sure that only one bot instance is running
2026-08-03 22:04:33 | WARNING  | aiogram.dispatcher | Sleep for 4.928562 seconds and try again... (tryings = 14, bot id = 8839138509)
2026-08-03 22:04:33 | ERROR    | aiogram.dispatcher | Failed to fetch updates - TelegramConflictError: Telegram server says - Conflict: terminated by other getUpdates request; make sure that only one bot instance is running
2026-08-03 22:04:33 | WARNING  | aiogram.dispatcher | Sleep for 1.108276 seconds and try again... (tryings = 1, bot id = 8839138509)
2026-08-03 22:04:34 | ERROR    | aiogram.dispatcher | Failed to fetch updates - TelegramConflictError: Telegram server says - Conflict: terminated by other getUpdates request; make sure that only one bot instance is running
2026-08-03 22:04:34 | WARNING  | aiogram.dispatcher | Sleep for 5.056760 seconds and try again... (tryings = 14, bot id = 8839138509)
2026-08-03 22:04:38 | ERROR    | aiogram.dispatcher | Failed to fetch updates - TelegramConflictError: Telegram server says - Conflict: terminated by other getUpdates request; make sure that only one bot instance is running
2026-08-03 22:04:38 | WARNING  | aiogram.dispatcher | Sleep for 4.976771 seconds and try again... (tryings = 13, bot id = 8839138509)
2026-08-03 22:04:38 | ERROR    | aiogram.dispatcher | Failed to fetch updates - TelegramConflictError: Telegram server says - Conflict: terminated by other getUpdates request; make sure that only one bot instance is running
2026-08-03 22:04:38 | WARNING  | aiogram.dispatcher | Sleep for 1.535568 seconds and try again... (tryings = 2, bot id = 8839138509)
2026-08-03 22:04:42 | ERROR    | aiogram.dispatcher | Failed to fetch updates - TelegramConflictError: Telegram server says - Conflict: terminated by other getUpdates request; make sure that only one bot instance is running
2026-08-03 22:04:42 | WARNING  | aiogram.dispatcher | Sleep for 5.044550 seconds and try again... (tryings = 15, bot id = 8839138509)
2026-08-03 22:04:43 | ERROR    | aiogram.dispatcher | Failed to fetch updates - TelegramConflictError: Telegram server says - Conflict: terminated by other getUpdates request; make sure that only one bot instance is running
2026-08-03 22:04:43 | WARNING  | aiogram.dispatcher | Sleep for 1.996969 seconds and try again... (tryings = 3, bot id = 8839138509)
2026-08-03 22:04:43 | ERROR    | aiogram.dispatcher | Failed to fetch updates - TelegramConflictError: Telegram server says - Conflict: terminated by other getUpdates request; make sure that only one bot instance is running
2026-08-03 22:04:43 | WARNING  | aiogram.dispatcher | Sleep for 4.930500 seconds and try again... (tryings = 15, bot id = 8839138509)
2026-08-03 22:04:47 | ERROR    | aiogram.dispatcher | Failed to fetch updates - TelegramConflictError: Telegram server says - Conflict: terminated by other getUpdates request; make sure that only one bot instance is running
2026-08-03 22:04:47 | WARNING  | aiogram.dispatcher | Sleep for 2.545586 seconds and try again... (tryings = 4, bot id = 8839138509)
2026-08-03 22:04:48 | ERROR    | aiogram.dispatcher | Failed to fetch updates - TelegramConflictError: Telegram server says - Conflict: terminated by other getUpdates request; make sure that only one bot instance is running
2026-08-03 22:04:48 | WARNING  | aiogram.dispatcher | Sleep for 4.965303 seconds and try again... (tryings = 14, bot id = 8839138509)
2026-08-03 22:04:51 | ERROR    | aiogram.dispatcher | Failed to fetch updates - TelegramConflictError: Telegram server says - Conflict: terminated by other getUpdates request; make sure that only one bot instance is running
2026-08-03 22:04:51 | WARNING  | aiogram.dispatcher | Sleep for 5.180208 seconds and try again... (tryings = 16, bot id = 8839138509)
2026-08-03 22:04:52 | INFO     | handlers.start | المستخدم 718795799 بدأ استخدام البوت.
2026-08-03 22:04:53 | ERROR    | aiogram.dispatcher | Failed to fetch updates - TelegramConflictError: Telegram server says - Conflict: terminated by other getUpdates request; make sure that only one bot instance is running
2026-08-03 22:04:53 | WARNING  | aiogram.dispatcher | Sleep for 5.078066 seconds and try again... (tryings = 16, bot id = 8839138509)
2026-08-03 22:04:53 | ERROR    | aiogram.dispatcher | Failed to fetch updates - TelegramConflictError: Telegram server says - Conflict: terminated by other getUpdates request; make sure that only one bot instance is running
2026-08-03 22:04:53 | WARNING  | aiogram.dispatcher | Sleep for 1.000000 seconds and try again... (tryings = 0, bot id = 8839138509)
2026-08-03 22:04:56 | ERROR    | aiogram.dispatcher | Failed to fetch updates - TelegramConflictError: Telegram server says - Conflict: terminated by other getUpdates request; make sure that only one bot instance is running
2026-08-03 22:04:56 | WARNING  | aiogram.dispatcher | Sleep for 1.000000 seconds and try again... (tryings = 0, bot id = 8839138509)
2026-08-03 22:04:57 | ERROR    | aiogram.dispatcher | Failed to fetch updates - TelegramConflictError: Telegram server says - Conflict: terminated by other getUpdates request; make sure that only one bot instance is running
2026-08-03 22:04:57 | WARNING  | aiogram.dispatcher | Sleep for 4.988942 seconds and try again... (tryings = 15, bot id = 8839138509)
2026-08-03 22:05:00 | ERROR    | aiogram.dispatcher | Failed to fetch updates - TelegramConflictError: Telegram server says - Conflict: terminated by other getUpdates request; make sure that only one bot instance is running
2026-08-03 22:05:00 | WARNING  | aiogram.dispatcher | Sleep for 4.937666 seconds and try again... (tryings = 17, bot id = 8839138509)
2026-08-03 22:05:01 | ERROR    | aiogram.dispatcher | Failed to fetch updates - TelegramConflictError: Telegram server says - Conflict: terminated by other getUpdates request; make sure that only one bot instance is running
2026-08-03 22:05:01 | WARNING  | aiogram.dispatcher | Sleep for 1.327370 seconds and try again... (tryings = 1, bot id = 8839138509)
2026-08-03 22:05:02 | ERROR    | aiogram.dispatcher | Failed to fetch updates - TelegramConflictError: Telegram server says - Conflict: terminated by other getUpdates request; make sure that only one bot instance is running
2026-08-03 22:05:02 | WARNING  | aiogram.dispatcher | Sleep for 1.000000 seconds and try again... (tryings = 0, bot id = 8839138509)
2026-08-03 22:05:05 | ERROR    | aiogram.dispatcher | Failed to fetch updates - TelegramConflictError: Telegram server says - Conflict: terminated by other getUpdates request; make sure that only one bot instance is running
2026-08-03 22:05:05 | WARNING  | aiogram.dispatcher | Sleep for 4.947509 seconds and try again... (tryings = 16, bot id = 8839138509)
2026-08-03 22:05:05 | ERROR    | aiogram.dispatcher | Failed to fetch updates - TelegramConflictError: Telegram server says - Conflict: terminated by other getUpdates request; make sure that only one bot instance is running
2026-08-03 22:05:05 | WARNING  | aiogram.dispatcher | Sleep for 1.000000 seconds and try again... (tryings = 0, bot id = 8839138509)
2026-08-03 22:05:06 | ERROR    | aiogram.dispatcher | Failed to fetch updates - TelegramConflictError: Telegram server says - Conflict: terminated by other getUpdates request; make sure that only one bot instance is running
2026-08-03 22:05:06 | WARNING  | aiogram.dispatcher | Sleep for 1.784460 seconds and try again... (tryings = 2, bot id = 8839138509)
2026-08-03 22:05:09 | ERROR    | aiogram.dispatcher | Failed to fetch updates - TelegramConflictError: Telegram server says - Conflict: terminated by other getUpdates request; make sure that only one bot instance is running
2026-08-03 22:05:09 | WARNING  | aiogram.dispatcher | Sleep for 4.836756 seconds and try again... (tryings = 18, bot id = 8839138509)
2026-08-03 22:05:10 | ERROR    | aiogram.dispatcher | Failed to fetch updates - TelegramConflictError: Telegram server says - Conflict: terminated by other getUpdates request; make sure that only one bot instance is running
2026-08-03 22:05:10 | WARNING  | aiogram.dispatcher | Sleep for 2.318415 seconds and try again... (tryings = 3, bot id = 8839138509)
2026-08-03 22:05:11 | ERROR    | aiogram.dispatcher | Failed to fetch updates - TelegramConflictError: Telegram server says - Conflict: terminated by other getUpdates request; make sure that only one bot instance is running
2026-08-03 22:05:11 | WARNING  | aiogram.dispatcher | Sleep for 1.190431 seconds and try again... (tryings = 1, bot id = 8839138509)
2026-08-03 22:05:14 | ERROR    | aiogram.dispatcher | Failed to fetch updates - TelegramConflictError: Telegram server says - Conflict: terminated by other getUpdates request; make sure that only one bot instance is running
2026-08-03 22:05:14 | WARNING  | aiogram.dispatcher | Sleep for 2.942598 seconds and try again... (tryings = 4, bot id = 8839138509)
2026-08-03 22:05:15 | ERROR    | aiogram.dispatcher | Failed to fetch updates - TelegramConflictError: Telegram server says - Conflict: terminated by other getUpdates request; make sure that only one bot instance is running
2026-08-03 22:05:15 | WARNING  | aiogram.dispatcher | Sleep for 5.076634 seconds and try again... (tryings = 17, bot id = 8839138509)
2026-08-03 22:05:16 | ERROR    | aiogram.dispatcher | Failed to fetch updates - TelegramConflictError: Telegram server says - Conflict: terminated by other getUpdates request; make sure that only one bot instance is running
2026-08-03 22:05:16 | WARNING  | aiogram.dispatcher | Sleep for 1.637404 seconds and try again... (tryings = 2, bot id = 8839138509)
2026-08-03 22:05:17 | ERROR    | aiogram.dispatcher | Failed to fetch updates - TelegramConflictError: Telegram server says - Conflict: terminated by other getUpdates request; make sure that only one bot instance is running
2026-08-03 22:05:17 | WARNING  | aiogram.dispatcher | Sleep for 5.051285 seconds and try again... (tryings = 19, bot id = 8839138509)
2026-08-03 22:05:20 | ERROR    | aiogram.dispatcher | Failed to fetch updates - TelegramConflictError: Telegram server says - Conflict: terminated by other getUpdates request; make sure that only one bot instance is running
2026-08-03 22:05:20 | WARNING  | aiogram.dispatcher | Sleep for 3.885148 seconds and try again... (tryings = 5, bot id = 8839138509)
2026-08-03 22:05:20 | ERROR    | aiogram.dispatcher | Failed to fetch updates - TelegramConflictError: Telegram server says - Conflict: terminated by other getUpdates request; make sure that only one bot instance is running
2026-08-03 22:05:20 | WARNING  | aiogram.dispatcher | Sleep for 2.015915 seconds and try again... (tryings = 3, bot id = 8839138509)
2026-08-03 22:05:24 | ERROR    | aiogram.dispatcher | Failed to fetch updates - TelegramConflictError: Telegram server says - Conflict: terminated by other getUpdates request; make sure that only one bot instance is running
2026-08-03 22:05:24 | WARNING  | aiogram.dispatcher | Sleep for 2.522936 seconds and try again... (tryings = 4, bot id = 8839138509)
2026-08-03 22:05:25 | ERROR    | aiogram.dispatcher | Failed to fetch updates - TelegramConflictError: Telegram server says - Conflict: terminated by other getUpdates request; make sure that only one bot instance is running
2026-08-03 22:05:25 | WARNING  | aiogram.dispatcher | Sleep for 5.179606 seconds and try again... (tryings = 18, bot id = 8839138509)
2026-08-03 22:05:25 | ERROR    | aiogram.dispatcher | Failed to fetch updates - TelegramConflictError: Telegram server says - Conflict: terminated by other getUpdates request; make sure that only one bot instance is running
2026-08-03 22:05:25 | WARNING  | aiogram.dispatcher | Sleep for 4.966622 seconds and try again... (tryings = 20, bot id = 8839138509)
2026-08-03 22:05:30 | ERROR    | aiogram.dispatcher | Failed to fetch updates - TelegramConflictError: Telegram server says - Conflict: terminated by other getUpdates request; make sure that only one bot instance is running
2026-08-03 22:05:30 | WARNING  | aiogram.dispatcher | Sleep for 5.084981 seconds and try again... (tryings = 6, bot id = 8839138509)
2026-08-03 22:05:30 | ERROR    | aiogram.dispatcher | Failed to fetch updates - TelegramConflictError: Telegram server says - Conflict: terminated by other getUpdates request; make sure that only one bot instance is running
2026-08-03 22:05:30 | WARNING  | aiogram.dispatcher | Sleep for 3.233494 seconds and try again... (tryings = 5, bot id = 8839138509)
2026-08-03 22:05:34 | ERROR    | aiogram.dispatcher | Failed to fetch updates - TelegramConflictError: Telegram server says - Conflict: terminated by other getUpdates request; make sure that only one bot instance is running
2026-08-03 22:05:34 | WARNING  | aiogram.dispatcher | Sleep for 4.923742 seconds and try again... (tryings = 21, bot id = 8839138509)
2026-08-03 22:05:34 | ERROR    | aiogram.dispatcher | Failed to fetch updates - TelegramConflictError: Telegram server says - Conflict: terminated by other getUpdates request; make sure that only one bot instance is running
2026-08-03 22:05:34 | WARNING  | aiogram.dispatcher | Sleep for 4.819865 seconds and try again... (tryings = 19, bot id = 8839138509)
2026-08-03 22:05:38 | ERROR    | aiogram.dispatcher | Failed to fetch updates - TelegramConflictError: Telegram server says - Conflict: terminated by other getUpdates request; make sure that only one bot instance is running
2026-08-03 22:05:38 | WARNING  | aiogram.dispatcher | Sleep for 4.244440 seconds and try again... (tryings = 6, bot id = 8839138509)
2026-08-03 22:05:39 | ERROR    | aiogram.dispatcher | Failed to fetch updates - TelegramConflictError: Telegram server says - Conflict: terminated by other getUpdates request; make sure that only one bot instance is running
2026-08-03 22:05:39 | WARNING  | aiogram.dispatcher | Sleep for 4.916604 seconds and try again... (tryings = 7, bot id = 8839138509)
2026-08-03 22:05:42 | ERROR    | aiogram.dispatcher | Failed to fetch updates - TelegramConflictError: Telegram server says - Conflict: terminated by other getUpdates request; make sure that only one bot instance is running
2026-08-03 22:05:42 | WARNING  | aiogram.dispatcher | Sleep for 5.027053 seconds and try again... (tryings = 22, bot id = 8839138509)
2026-08-03 22:05:42 | ERROR    | aiogram.dispatcher | Failed to fetch updates - TelegramConflictError: Telegram server says - Conflict: terminated by other getUpdates request; make sure that only one bot instance is running
2026-08-03 22:05:42 | WARNING  | aiogram.dispatcher | Sleep for 4.950957 seconds and try again... (tryings = 20, bot id = 8839138509)
2026-08-03 22:05:47 | ERROR    | aiogram.dispatcher | Failed to fetch updates - TelegramConflictError: Telegram server says - Conflict: terminated by other getUpdates request; make sure that only one bot instance is running
2026-08-03 22:05:47 | WARNING  | aiogram.dispatcher | Sleep for 5.121723 seconds and try again... (tryings = 7, bot id = 8839138509)
2026-08-03 22:05:47 | ERROR    | aiogram.dispatcher | Failed to fetch updates - TelegramConflictError: Telegram server says - Conflict: terminated by other getUpdates request; make sure that only one bot instance is running
2026-08-03 22:05:47 | WARNING  | aiogram.dispatcher | Sleep for 5.081388 seconds and try again... (tryings = 8, bot id = 8839138509)
2026-08-03 22:05:50 | ERROR    | aiogram.dispatcher | Failed to fetch updates - TelegramConflictError: Telegram server says - Conflict: terminated by other getUpdates request; make sure that only one bot instance is running
2026-08-03 22:05:50 | WARNING  | aiogram.dispatcher | Sleep for 5.086705 seconds and try again... (tryings = 23, bot id = 8839138509)
2026-08-03 22:05:52 | ERROR    | aiogram.dispatcher | Failed to fetch updates - TelegramConflictError: Telegram server says - Conflict: terminated by other getUpdates request; make sure that only one bot instance is running
2026-08-03 22:05:52 | WARNING  | aiogram.dispatcher | Sleep for 4.974171 seconds and try again... (tryings = 21, bot id = 8839138509)
2026-08-03 22:05:55 | ERROR    | aiogram.dispatcher | Failed to fetch updates - TelegramConflictError: Telegram server says - Conflict: terminated by other getUpdates request; make sure that only one bot instance is running
2026-08-03 22:05:55 | WARNING  | aiogram.dispatcher | Sleep for 4.900036 seconds and try again... (tryings = 8, bot id = 8839138509)
2026-08-03 22:05:55 | ERROR    | aiogram.dispatcher | Failed to fetch updates - TelegramConflictError: Telegram server says - Conflict: terminated by other getUpdates request; make sure that only one bot instance is running
2026-08-03 22:05:56 | WARNING  | aiogram.dispatcher | Sleep for 5.074969 seconds and try again... (tryings = 9, bot id = 8839138509)
2026-08-03 22:06:00 | ERROR    | aiogram.dispatcher | Failed to fetch updates - TelegramConflictError: Telegram server says - Conflict: terminated by other getUpdates request; make sure that only one bot instance is running
2026-08-03 22:06:00 | WARNING  | aiogram.dispatcher | Sleep for 4.951336 seconds and try again... (tryings = 24, bot id = 8839138509)
2026-08-03 22:06:00 | ERROR    | aiogram.dispatcher | Failed to fetch updates - TelegramConflictError: Telegram server says - Conflict: terminated by other getUpdates request; make sure that only one bot instance is running
2026-08-03 22:06:00 | WARNING  | aiogram.dispatcher | Sleep for 5.067020 seconds and try again... (tryings = 22, bot id = 8839138509)
2026-08-03 22:06:04 | ERROR    | aiogram.dispatcher | Failed to fetch updates - TelegramConflictError: Telegram server says - Conflict: terminated by other getUpdates request; make sure that only one bot instance is running
2026-08-03 22:06:04 | WARNING  | aiogram.dispatcher | Sleep for 5.074840 seconds and try again... (tryings = 9, bot id = 8839138509)
2026-08-03 22:06:05 | ERROR    | aiogram.dispatcher | Failed to fetch updates - TelegramConflictError: Telegram server says - Conflict: terminated by other getUpdates request; make sure that only one bot instance is running
2026-08-03 22:06:05 | WARNING  | aiogram.dispatcher | Sleep for 5.033125 seconds and try again... (tryings = 10, bot id = 8839138509)
2026-08-03 22:06:08 | ERROR    | aiogram.dispatcher | Failed to fetch updates - TelegramConflictError: Telegram server says - Conflict: terminated by other getUpdates request; make sure that only one bot instance is running
2026-08-03 22:06:08 | WARNING  | aiogram.dispatcher | Sleep for 5.010854 seconds and try again... (tryings = 25, bot id = 8839138509)
2026-08-03 22:06:09 | ERROR    | aiogram.dispatcher | Failed to fetch updates - TelegramConflictError: Telegram server says - Conflict: terminated by other getUpdates request; make sure that only one bot instance is running
2026-08-03 22:06:09 | WARNING  | aiogram.dispatcher | Sleep for 5.047290 seconds and try again... (tryings = 23, bot id = 8839138509)
2026-08-03 22:06:13 | ERROR    | aiogram.dispatcher | Failed to fetch updates - TelegramConflictError: Telegram server says - Conflict: terminated by other getUpdates request; make sure that only one bot instance is running
2026-08-03 22:06:13 | WARNING  | aiogram.dispatcher | Sleep for 4.983939 seconds and try again... (tryings = 10, bot id = 8839138509)
2026-08-03 22:06:13 | ERROR    | aiogram.dispatcher | Failed to fetch updates - TelegramConflictError: Telegram server says - Conflict: terminated by other getUpdates request; make sure that only one bot instance is running
2026-08-03 22:06:13 | WARNING  | aiogram.dispatcher | Sleep for 4.817379 seconds and try again... (tryings = 11, bot id = 8839138509)
2026-08-03 22:06:17 | ERROR    | aiogram.dispatcher | Failed to fetch updates - TelegramConflictError: Telegram server says - Conflict: terminated by other getUpdates request; make sure that only one bot instance is running
2026-08-03 22:06:17 | WARNING  | aiogram.dispatcher | Sleep for 4.987286 seconds and try again... (tryings = 26, bot id = 8839138509)
2026-08-03 22:06:18 | ERROR    | aiogram.dispatcher | Failed to fetch updates - TelegramConflictError: Telegram server says - Conflict: terminated by other getUpdates request; make sure that only one bot instance is running
2026-08-03 22:06:18 | WARNING  | aiogram.dispatcher | Sleep for 4.952667 seconds and try again... (tryings = 24, bot id = 8839138509)
2026-08-03 22:06:21 | ERROR    | aiogram.dispatcher | Failed to fetch updates - TelegramConflictError: Telegram server says - Conflict: terminated by other getUpdates request; make sure that only one bot instance is running
2026-08-03 22:06:21 | WARNING  | aiogram.dispatcher | Sleep for 5.012183 seconds and try again... (tryings = 11, bot id = 8839138509)
2026-08-03 22:06:22 | ERROR    | aiogram.dispatcher | Failed to fetch updates - TelegramConflictError: Telegram server says - Conflict: terminated by other getUpdates request; make sure that only one bot instance is running
2026-08-03 22:06:22 | WARNING  | aiogram.dispatcher | Sleep for 4.960571 seconds and try again... (tryings = 12, bot id = 8839138509)
2026-08-03 22:06:26 | ERROR    | aiogram.dispatcher | Failed to fetch updates - TelegramConflictError: Telegram server says - Conflict: terminated by other getUpdates request; make sure that only one bot instance is running
2026-08-03 22:06:26 | WARNING  | aiogram.dispatcher | Sleep for 4.989271 seconds and try again... (tryings = 27, bot id = 8839138509)
2026-08-03 22:06:26 | ERROR    | aiogram.dispatcher | Failed to fetch updates - TelegramConflictError: Telegram server says - Conflict: terminated by other getUpdates request; make sure that only one bot instance is running
2026-08-03 22:06:26 | WARNING  | aiogram.dispatcher | Sleep for 4.831693 seconds and try again... (tryings = 25, bot id = 8839138509)
2026-08-03 22:06:30 | ERROR    | aiogram.dispatcher | Failed to fetch updates - TelegramConflictError: Telegram server says - Conflict: terminated by other getUpdates request; make sure that only one bot instance is running
2026-08-03 22:06:30 | WARNING  | aiogram.dispatcher | Sleep for 5.024464 seconds and try again... (tryings = 12, bot id = 8839138509)
2026-08-03 22:06:31 | ERROR    | aiogram.dispatcher | Failed to fetch updates - TelegramConflictError: Telegram server says - Conflict: terminated by other getUpdates request; make sure that only one bot instance is running
2026-08-03 22:06:31 | WARNING  | aiogram.dispatcher | Sleep for 4.921315 seconds and try again... (tryings = 13, bot id = 8839138509)
2026-08-03 22:06:34 | ERROR    | aiogram.dispatcher | Failed to fetch updates - TelegramConflictError: Telegram server says - Conflict: terminated by other getUpdates request; make sure that only one bot instance is running
2026-08-03 22:06:34 | WARNING  | aiogram.dispatcher | Sleep for 4.901522 seconds and try again... (tryings = 26, bot id = 8839138509)
2026-08-03 22:06:35 | ERROR    | aiogram.dispatcher | Failed to fetch updates - TelegramConflictError: Telegram server says - Conflict: terminated by other getUpdates request; make sure that only one bot instance is running
2026-08-03 22:06:35 | WARNING  | aiogram.dispatcher | Sleep for 4.919526 seconds and try again... (tryings = 28, bot id = 8839138509)
2026-08-03 22:06:39 | ERROR    | aiogram.dispatcher | Failed to fetch updates - TelegramConflictError: Telegram server says - Conflict: terminated by other getUpdates request; make sure that only one bot instance is running
2026-08-03 22:06:39 | WARNING  | aiogram.dispatcher | Sleep for 5.188345 seconds and try again... (tryings = 13, bot id = 8839138509)
2026-08-03 22:06:39 | ERROR    | aiogram.dispatcher | Failed to fetch updates - TelegramConflictError: Telegram server says - Conflict: terminated by other getUpdates request; make sure that only one bot instance is running
2026-08-03 22:06:39 | WARNING  | aiogram.dispatcher | Sleep for 5.040873 seconds and try again... (tryings = 14, bot id = 8839138509)
2026-08-03 22:06:43 | ERROR    | aiogram.dispatcher | Failed to fetch updates - TelegramConflictError: Telegram server says - Conflict: terminated by other getUpdates request; make sure that only one bot instance is running
2026-08-03 22:06:43 | WARNING  | aiogram.dispatcher | Sleep for 4.974491 seconds and try again... (tryings = 27, bot id = 8839138509)
2026-08-03 22:06:44 | ERROR    | aiogram.dispatcher | Failed to fetch updates - TelegramConflictError: Telegram server says - Conflict: terminated by other getUpdates request; make sure that only one bot instance is running
2026-08-03 22:06:44 | WARNING  | aiogram.dispatcher | Sleep for 4.975395 seconds and try again... (tryings = 29, bot id = 8839138509)
2026-08-03 22:06:47 | ERROR    | aiogram.dispatcher | Failed to fetch updates - TelegramConflictError: Telegram server says - Conflict: terminated by other getUpdates request; make sure that only one bot instance is running
2026-08-03 22:06:47 | WARNING  | aiogram.dispatcher | Sleep for 4.968180 seconds and try again... (tryings = 15, bot id = 8839138509)
2026-08-03 22:06:48 | ERROR    | aiogram.dispatcher | Failed to fetch updates - TelegramConflictError: Telegram server says - Conflict: terminated by other getUpdates request; make sure that only one bot instance is running
2026-08-03 22:06:48 | WARNING  | aiogram.dispatcher | Sleep for 4.985491 seconds and try again... (tryings = 14, bot id = 8839138509)
2026-08-03 22:06:52 | ERROR    | aiogram.dispatcher | Failed to fetch updates - TelegramConflictError: Telegram server says - Conflict: terminated by other getUpdates request; make sure that only one bot instance is running
2026-08-03 22:06:52 | WARNING  | aiogram.dispatcher | Sleep for 4.919862 seconds and try again... (tryings = 28, bot id = 8839138509)
2026-08-03 22:06:52 | ERROR    | aiogram.dispatcher | Failed to fetch updates - TelegramConflictError: Telegram server says - Conflict: terminated by other getUpdates request; make sure that only one bot instance is running
2026-08-03 22:06:52 | WARNING  | aiogram.dispatcher | Sleep for 4.949427 seconds and try again... (tryings = 30, bot id = 8839138509)
2026-08-03 22:06:56 | ERROR    | aiogram.dispatcher | Failed to fetch updates - TelegramConflictError: Telegram server says - Conflict: terminated by other getUpdates request; make sure that only one bot instance is running
2026-08-03 22:06:56 | WARNING  | aiogram.dispatcher | Sleep for 5.122621 seconds and try again... (tryings = 16, bot id = 8839138509)
2026-08-03 22:06:57 | ERROR    | aiogram.dispatcher | Failed to fetch updates - TelegramConflictError: Telegram server says - Conflict: terminated by other getUpdates request; make sure that only one bot instance is running
2026-08-03 22:06:57 | WARNING  | aiogram.dispatcher | Sleep for 4.941568 seconds and try again... (tryings = 15, bot id = 8839138509)
2026-08-03 22:07:00 | ERROR    | aiogram.dispatcher | Failed to fetch updates - TelegramConflictError: Telegram server says - Conflict: terminated by other getUpdates request; make sure that only one bot instance is running
2026-08-03 22:07:00 | WARNING  | aiogram.dispatcher | Sleep for 4.967582 seconds and try again... (tryings = 29, bot id = 8839138509)
2026-08-03 22:07:02 | ERROR    | aiogram.dispatcher | Failed to fetch updates - TelegramConflictError: Telegram server says - Conflict: terminated by other getUpdates request; make sure that only one bot instance is running
2026-08-03 22:07:02 | WARNING  | aiogram.dispatcher | Sleep for 5.087411 seconds and try again... (tryings = 31, bot id = 8839138509)
2026-08-03 22:07:05 | ERROR    | aiogram.dispatcher | Failed to fetch updates - TelegramConflictError: Telegram server says - Conflict: terminated by other getUpdates request; make sure that only one bot instance is running
2026-08-03 22:07:05 | WARNING  | aiogram.dispatcher | Sleep for 4.930753 seconds and try again... (tryings = 17, bot id = 8839138509)
2026-08-03 22:07:05 | ERROR    | aiogram.dispatcher | Failed to fetch updates - TelegramConflictError: Telegram server says - Conflict: terminated by other getUpdates request; make sure that only one bot instance is running
2026-08-03 22:07:05 | WARNING  | aiogram.dispatcher | Sleep for 5.189067 seconds and try again... (tryings = 16, bot id = 8839138509)
2026-08-03 22:07:10 | ERROR    | aiogram.dispatcher | Failed to fetch updates - TelegramConflictError: Telegram server says - Conflict: terminated by other getUpdates request; make sure that only one bot instance is running
2026-08-03 22:07:10 | WARNING  | aiogram.dispatcher | Sleep for 5.062029 seconds and try again... (tryings = 30, bot id = 8839138509)
2026-08-03 22:07:10 | ERROR    | aiogram.dispatcher | Failed to fetch updates - TelegramConflictError: Telegram server says - Conflict: terminated by other getUpdates request; make sure that only one bot instance is running
2026-08-03 22:07:10 | WARNING  | aiogram.dispatcher | Sleep for 4.959928 seconds and try again... (tryings = 32, bot id = 8839138509)
2026-08-03 22:07:14 | ERROR    | aiogram.dispatcher | Failed to fetch updates - TelegramConflictError: Telegram server says - Conflict: terminated by other getUpdates request; make sure that only one bot instance is running
2026-08-03 22:07:14 | WARNING  | aiogram.dispatcher | Sleep for 4.873095 seconds and try again... (tryings = 18, bot id = 8839138509)
2026-08-03 22:07:15 | ERROR    | aiogram.dispatcher | Failed to fetch updates - TelegramConflictError: Telegram server says - Conflict: terminated by other getUpdates request; make sure that only one bot instance is running
2026-08-03 22:07:15 | WARNING  | aiogram.dispatcher | Sleep for 4.922902 seconds and try again... (tryings = 17, bot id = 8839138509)
2026-08-03 22:07:18 | ERROR    | aiogram.dispatcher | Failed to fetch updates - TelegramConflictError: Telegram server says - Conflict: terminated by other getUpdates request; make sure that only one bot instance is running
2026-08-03 22:07:18 | WARNING  | aiogram.dispatcher | Sleep for 5.035336 seconds and try again... (tryings = 31, bot id = 8839138509)
2026-08-03 22:07:19 | ERROR    | aiogram.dispatcher | Failed to fetch updates - TelegramConflictError: Telegram server says - Conflict: terminated by other getUpdates request; make sure that only one bot instance is running
2026-08-03 22:07:19 | WARNING  | aiogram.dispatcher | Sleep for 4.903221 seconds and try again... (tryings = 33, bot id = 8839138509)
2026-08-03 22:07:23 | ERROR    | aiogram.dispatcher | Failed to fetch updates - TelegramConflictError: Telegram server says - Conflict: terminated by other getUpdates request; make sure that only one bot instance is running
2026-08-03 22:07:23 | WARNING  | aiogram.dispatcher | Sleep for 5.054494 seconds and try again... (tryings = 19, bot id = 8839138509)
2026-08-03 22:07:24 | ERROR    | aiogram.dispatcher | Failed to fetch updates - TelegramConflictError: Telegram server says - Conflict: terminated by other getUpdates request; make sure that only one bot instance is running
2026-08-03 22:07:24 | WARNING  | aiogram.dispatcher | Sleep for 4.977423 seconds and try again... (tryings = 18, bot id = 8839138509)
2026-08-03 22:07:27 | ERROR    | aiogram.dispatcher | Failed to fetch updates - TelegramConflictError: Telegram server says - Conflict: terminated by other getUpdates request; make sure that only one bot instance is running
2026-08-03 22:07:27 | WARNING  | aiogram.dispatcher | Sleep for 4.947902 seconds and try again... (tryings = 32, bot id = 8839138509)
2026-08-03 22:07:28 | ERROR    | aiogram.dispatcher | Failed to fetch updates - TelegramConflictError: Telegram server says - Conflict: terminated by other getUpdates request; make sure that only one bot instance is running
2026-08-03 22:07:28 | WARNING  | aiogram.dispatcher | Sleep for 5.095349 seconds and try again... (tryings = 34, bot id = 8839138509)
2026-08-03 22:07:32 | ERROR    | aiogram.dispatcher | Failed to fetch updates - TelegramConflictError: Telegram server says - Conflict: terminated by other getUpdates request; make sure that only one bot instance is running
2026-08-03 22:07:32 | WARNING  | aiogram.dispatcher | Sleep for 4.878166 seconds and try again... (tryings = 20, bot id = 8839138509)
2026-08-03 22:07:32 | ERROR    | aiogram.dispatcher | Failed to fetch updates - TelegramConflictError: Telegram server says - Conflict: terminated by other getUpdates request; make sure that only one bot instance is running
2026-08-03 22:07:32 | WARNING  | aiogram.dispatcher | Sleep for 4.929912 seconds and try again... (tryings = 19, bot id = 8839138509)
2026-08-03 22:07:36 | ERROR    | aiogram.dispatcher | Failed to fetch updates - TelegramConflictError: Telegram server says - Conflict: terminated by other getUpdates request; make sure that only one bot instance is running
2026-08-03 22:07:36 | WARNING  | aiogram.dispatcher | Sleep for 5.108456 seconds and try again... (tryings = 33, bot id = 8839138509)
2026-08-03 22:07:37 | ERROR    | aiogram.dispatcher | Failed to fetch updates - TelegramConflictError: Telegram server says - Conflict: terminated by other getUpdates request; make sure that only one bot instance is running
2026-08-03 22:07:37 | WARNING  | aiogram.dispatcher | Sleep for 4.952696 seconds and try again... (tryings = 35, bot id = 8839138509)
2026-08-03 22:07:40 | ERROR    | aiogram.dispatcher | Failed to fetch updates - TelegramConflictError: Telegram server says - Conflict: terminated by other getUpdates request; make sure that only one bot instance is running
2026-08-03 22:07:40 | WARNING  | aiogram.dispatcher | Sleep for 5.083980 seconds and try again... (tryings = 21, bot id = 8839138509)
2026-08-03 22:07:42 | ERROR    | aiogram.dispatcher | Failed to fetch updates - TelegramConflictError: Telegram server says - Conflict: terminated by other getUpdates request; make sure that only one bot instance is running
2026-08-03 22:07:42 | WARNING  | aiogram.dispatcher | Sleep for 5.029129 seconds and try again... (tryings = 20, bot id = 8839138509)
2026-08-03 22:07:45 | ERROR    | aiogram.dispatcher | Failed to fetch updates - TelegramConflictError: Telegram server says - Conflict: terminated by other getUpdates request; make sure that only one bot instance is running
2026-08-03 22:07:45 | WARNING  | aiogram.dispatcher | Sleep for 4.974799 seconds and try again... (tryings = 36, bot id = 8839138509)
2026-08-03 22:07:45 | ERROR    | aiogram.dispatcher | Failed to fetch updates - TelegramConflictError: Telegram server says - Conflict: terminated by other getUpdates request; make sure that only one bot instance is running
2026-08-03 22:07:45 | WARNING  | aiogram.dispatcher | Sleep for 5.150492 seconds and try again... (tryings = 34, bot id = 8839138509)
2026-08-03 22:07:50 | ERROR    | aiogram.dispatcher | Failed to fetch updates - TelegramConflictError: Telegram server says - Conflict: terminated by other getUpdates request; make sure that only one bot instance is running
2026-08-03 22:07:50 | WARNING  | aiogram.dispatcher | Sleep for 5.048648 seconds and try again... (tryings = 22, bot id = 8839138509)
2026-08-03 22:07:50 | ERROR    | aiogram.dispatcher | Failed to fetch updates - TelegramConflictError: Telegram server says - Conflict: terminated by other getUpdates request; make sure that only one bot instance is running
2026-08-03 22:07:50 | WARNING  | aiogram.dispatcher | Sleep for 5.193046 seconds and try again... (tryings = 21, bot id = 8839138509)
2026-08-03 22:07:53 | ERROR    | aiogram.dispatcher | Failed to fetch updates - TelegramConflictError: Telegram server says - Conflict: terminated by other getUpdates request; make sure that only one bot instance is running
2026-08-03 22:07:53 | WARNING  | aiogram.dispatcher | Sleep for 5.135228 seconds and try again... (tryings = 37, bot id = 8839138509)
2026-08-03 22:07:55 | ERROR    | aiogram.dispatcher | Failed to fetch updates - TelegramConflictError: Telegram server says - Conflict: terminated by other getUpdates request; make sure that only one bot instance is running
2026-08-03 22:07:55 | WARNING  | aiogram.dispatcher | Sleep for 4.951705 seconds and try again... (tryings = 35, bot id = 8839138509)
2026-08-03 22:07:58 | ERROR    | aiogram.dispatcher | Failed to fetch updates - TelegramConflictError: Telegram server says - Conflict: terminated by other getUpdates request; make sure that only one bot instance is running
2026-08-03 22:07:58 | WARNING  | aiogram.dispatcher | Sleep for 4.963102 seconds and try again... (tryings = 23, bot id = 8839138509)
2026-08-03 22:07:58 | ERROR    | aiogram.dispatcher | Failed to fetch updates - TelegramConflictError: Telegram server says - Conflict: terminated by other getUpdates request; make sure that only one bot instance is running
2026-08-03 22:07:58 | WARNING  | aiogram.dispatcher | Sleep for 5.009880 seconds and try again... (tryings = 22, bot id = 8839138509)
2026-08-03 22:08:03 | ERROR    | aiogram.dispatcher | Failed to fetch updates - TelegramConflictError: Telegram server says - Conflict: terminated by other getUpdates request; make sure that only one bot instance is running
2026-08-03 22:08:03 | WARNING  | aiogram.dispatcher | Sleep for 4.971800 seconds and try again... (tryings = 38, bot id = 8839138509)
2026-08-03 22:08:03 | ERROR    | aiogram.dispatcher | Failed to fetch updates - TelegramConflictError: Telegram server says - Conflict: terminated by other getUpdates request; make sure that only one bot instance is running
2026-08-03 22:08:03 | WARNING  | aiogram.dispatcher | Sleep for 4.945058 seconds and try again... (tryings = 36, bot id = 8839138509)
2026-08-03 22:08:07 | ERROR    | aiogram.dispatcher | Failed to fetch updates - TelegramConflictError: Telegram server says - Conflict: terminated by other getUpdates request; make sure that only one bot instance is running
2026-08-03 22:08:07 | WARNING  | aiogram.dispatcher | Sleep for 4.993169 seconds and try again... (tryings = 24, bot id = 8839138509)
2026-08-03 22:08:08 | ERROR    | aiogram.dispatcher | Failed to fetch updates - TelegramConflictError: Telegram server says - Conflict: terminated by other getUpdates request; make sure that only one bot instance is running
2026-08-03 22:08:08 | WARNING  | aiogram.dispatcher | Sleep for 1.000000 seconds and try again... (tryings = 0, bot id = 8839138509)
2026-08-03 22:08:11 | ERROR    | aiogram.dispatcher | Failed to fetch updates - TelegramConflictError: Telegram server says - Conflict: terminated by other getUpdates request; make sure that only one bot instance is running
2026-08-03 22:08:11 | WARNING  | aiogram.dispatcher | Sleep for 4.914860 seconds and try again... (tryings = 39, bot id = 8839138509)
2026-08-03 22:08:12 | ERROR    | aiogram.dispatcher | Failed to fetch updates - TelegramConflictError: Telegram server says - Conflict: terminated by other getUpdates request; make sure that only one bot instance is running
2026-08-03 22:08:12 | WARNING  | aiogram.dispatcher | Sleep for 1.205808 seconds and try again... (tryings = 1, bot id = 8839138509)
2026-08-03 22:08:12 | ERROR    | aiogram.dispatcher | Failed to fetch updates - TelegramConflictError: Telegram server says - Conflict: terminated by other getUpdates request; make sure that only one bot instance is running
2026-08-03 22:08:12 | WARNING  | aiogram.dispatcher | Sleep for 4.944444 seconds and try again... (tryings = 37, bot id = 8839138509)
2026-08-03 22:08:16 | ERROR    | aiogram.dispatcher | Failed to fetch updates - TelegramConflictError: Telegram server says - Conflict: terminated by other getUpdates request; make sure that only one bot instance is running
2026-08-03 22:08:16 | WARNING  | aiogram.dispatcher | Sleep for 4.976406 seconds and try again... (tryings = 25, bot id = 8839138509)
2026-08-03 22:08:16 | ERROR    | aiogram.dispatcher | Failed to fetch updates - TelegramConflictError: Telegram server says - Conflict: terminated by other getUpdates request; make sure that only one bot instance is running
2026-08-03 22:08:16 | WARNING  | aiogram.dispatcher | Sleep for 1.457998 seconds and try again... (tryings = 2, bot id = 8839138509)
2026-08-03 22:08:20 | ERROR    | aiogram.dispatcher | Failed to fetch updates - TelegramConflictError: Telegram server says - Conflict: terminated by other getUpdates request; make sure that only one bot instance is running
2026-08-03 22:08:20 | WARNING  | aiogram.dispatcher | Sleep for 5.106431 seconds and try again... (tryings = 40, bot id = 8839138509)
2026-08-03 22:08:21 | ERROR    | aiogram.dispatcher | Failed to fetch updates - TelegramConflictError: Telegram server says - Conflict: terminated by other getUpdates request; make sure that only one bot instance is running
2026-08-03 22:08:21 | WARNING  | aiogram.dispatcher | Sleep for 4.984408 seconds and try again... (tryings = 38, bot id = 8839138509)
2026-08-03 22:08:21 | ERROR    | aiogram.dispatcher | Failed to fetch updates - TelegramConflictError: Telegram server says - Conflict: terminated by other getUpdates request; make sure that only one bot instance is running
2026-08-03 22:08:21 | WARNING  | aiogram.dispatcher | Sleep for 1.953473 seconds and try again... (tryings = 3, bot id = 8839138509)
2026-08-03 22:08:25 | ERROR    | aiogram.dispatcher | Failed to fetch updates - TelegramConflictError: Telegram server says - Conflict: terminated by other getUpdates request; make sure that only one bot instance is running
2026-08-03 22:08:25 | WARNING  | aiogram.dispatcher | Sleep for 2.622066 seconds and try again... (tryings = 4, bot id = 8839138509)
2026-08-03 22:08:26 | ERROR    | aiogram.dispatcher | Failed to fetch updates - TelegramConflictError: Telegram server says - Conflict: terminated by other getUpdates request; make sure that only one bot instance is running
2026-08-03 22:08:26 | WARNING  | aiogram.dispatcher | Sleep for 5.094786 seconds and try again... (tryings = 26, bot id = 8839138509)
2026-08-03 22:08:29 | ERROR    | aiogram.dispatcher | Failed to fetch updates - TelegramConflictError: Telegram server says - Conflict: terminated by other getUpdates request; make sure that only one bot instance is running
2026-08-03 22:08:29 | WARNING  | aiogram.dispatcher | Sleep for 5.089507 seconds and try again... (tryings = 41, bot id = 8839138509)
2026-08-03 22:08:31 | ERROR    | aiogram.dispatcher | Failed to fetch updates - TelegramConflictError: Telegram server says - Conflict: terminated by other getUpdates request; make sure that only one bot instance is running
2026-08-03 22:08:31 | WARNING  | aiogram.dispatcher | Sleep for 4.950945 seconds and try again... (tryings = 39, bot id = 8839138509)
2026-08-03 22:08:31 | ERROR    | aiogram.dispatcher | Failed to fetch updates - TelegramConflictError: Telegram server says - Conflict: terminated by other getUpdates request; make sure that only one bot instance is running
2026-08-03 22:08:31 | WARNING  | aiogram.dispatcher | Sleep for 3.309801 seconds and try again... (tryings = 5, bot id = 8839138509)
2026-08-03 22:08:35 | ERROR    | aiogram.dispatcher | Failed to fetch updates - TelegramConflictError: Telegram server says - Conflict: terminated by other getUpdates request; make sure that only one bot instance is running
2026-08-03 22:08:35 | WARNING  | aiogram.dispatcher | Sleep for 5.024598 seconds and try again... (tryings = 42, bot id = 8839138509)
2026-08-03 22:08:37 | ERROR    | aiogram.dispatcher | Failed to fetch updates - TelegramConflictError: Telegram server says - Conflict: terminated by other getUpdates request; make sure that only one bot instance is running
2026-08-03 22:08:37 | WARNING  | aiogram.dispatcher | Sleep for 5.113905 seconds and try again... (tryings = 27, bot id = 8839138509)
2026-08-03 22:08:39 | ERROR    | aiogram.dispatcher | Failed to fetch updates - TelegramConflictError: Telegram server says - Conflict: terminated by other getUpdates request; make sure that only one bot instance is running
2026-08-03 22:08:39 | WARNING  | aiogram.dispatcher | Sleep for 4.215523 seconds and try again... (tryings = 6, bot id = 8839138509)
2026-08-03 22:08:40 | ERROR    | aiogram.dispatcher | Failed to fetch updates - TelegramConflictError: Telegram server says - Conflict: terminated by other getUpdates request; make sure that only one bot instance is running
2026-08-03 22:08:40 | WARNING  | aiogram.dispatcher | Sleep for 4.926391 seconds and try again... (tryings = 40, bot id = 8839138509)
2026-08-03 22:08:43 | ERROR    | aiogram.dispatcher | Failed to fetch updates - TelegramConflictError: Telegram server says - Conflict: terminated by other getUpdates request; make sure that only one bot instance is running
2026-08-03 22:08:43 | WARNING  | aiogram.dispatcher | Sleep for 4.939665 seconds and try again... (tryings = 28, bot id = 8839138509)
2026-08-03 22:08:45 | ERROR    | aiogram.dispatcher | Failed to fetch updates - TelegramConflictError: Telegram server says - Conflict: terminated by other getUpdates request; make sure that only one bot instance is running
2026-08-03 22:08:45 | WARNING  | aiogram.dispatcher | Sleep for 5.060186 seconds and try again... (tryings = 43, bot id = 8839138509)
2026-08-03 22:08:48 | ERROR    | aiogram.dispatcher | Failed to fetch updates - TelegramConflictError: Telegram server says - Conflict: terminated by other getUpdates request; make sure that only one bot instance is running
2026-08-03 22:08:48 | WARNING  | aiogram.dispatcher | Sleep for 4.882847 seconds and try again... (tryings = 7, bot id = 8839138509)
2026-08-03 22:08:48 | ERROR    | aiogram.dispatcher | Failed to fetch updates - TelegramConflictError: Telegram server says - Conflict: terminated by other getUpdates request; make sure that only one bot instance is running
2026-08-03 22:08:48 | WARNING  | aiogram.dispatcher | Sleep for 5.044770 seconds and try again... (tryings = 41, bot id = 8839138509)
2026-08-03 22:08:53 | ERROR    | aiogram.dispatcher | Failed to fetch updates - TelegramConflictError: Telegram server says - Conflict: terminated by other getUpdates request; make sure that only one bot instance is running
2026-08-03 22:08:53 | WARNING  | aiogram.dispatcher | Sleep for 5.094812 seconds and try again... (tryings = 44, bot id = 8839138509)
2026-08-03 22:08:53 | ERROR    | aiogram.dispatcher | Failed to fetch updates - TelegramConflictError: Telegram server says - Conflict: terminated by other getUpdates request; make sure that only one bot instance is running
2026-08-03 22:08:53 | WARNING  | aiogram.dispatcher | Sleep for 5.003187 seconds and try again... (tryings = 29, bot id = 8839138509)
2026-08-03 22:08:56 | ERROR    | aiogram.dispatcher | Failed to fetch updates - TelegramConflictError: Telegram server says - Conflict: terminated by other getUpdates request; make sure that only one bot instance is running
2026-08-03 22:08:56 | WARNING  | aiogram.dispatcher | Sleep for 4.900971 seconds and try again... (tryings = 8, bot id = 8839138509)
2026-08-03 22:08:58 | ERROR    | aiogram.dispatcher | Failed to fetch updates - TelegramConflictError: Telegram server says - Conflict: terminated by other getUpdates request; make sure that only one bot instance is running
2026-08-03 22:08:58 | WARNING  | aiogram.dispatcher | Sleep for 4.800767 seconds and try again... (tryings = 42, bot id = 8839138509)
2026-08-03 22:09:01 | ERROR    | aiogram.dispatcher | Failed to fetch updates - TelegramConflictError: Telegram server says - Conflict: terminated by other getUpdates request; make sure that only one bot instance is running
2026-08-03 22:09:01 | WARNING  | aiogram.dispatcher | Sleep for 5.002207 seconds and try again... (tryings = 45, bot id = 8839138509)
2026-08-03 22:09:01 | ERROR    | aiogram.dispatcher | Failed to fetch updates - TelegramConflictError: Telegram server says - Conflict: terminated by other getUpdates request; make sure that only one bot instance is running
2026-08-03 22:09:01 | WARNING  | aiogram.dispatcher | Sleep for 4.864032 seconds and try again... (tryings = 30, bot id = 8839138509)
2026-08-03 22:09:06 | ERROR    | aiogram.dispatcher | Failed to fetch updates - TelegramConflictError: Telegram server says - Conflict: terminated by other getUpdates request; make sure that only one bot instance is running
2026-08-03 22:09:06 | WARNING  | aiogram.dispatcher | Sleep for 4.955593 seconds and try again... (tryings = 9, bot id = 8839138509)
2026-08-03 22:09:06 | ERROR    | aiogram.dispatcher | Failed to fetch updates - TelegramConflictError: Telegram server says - Conflict: terminated by other getUpdates request; make sure that only one bot instance is running
2026-08-03 22:09:06 | WARNING  | aiogram.dispatcher | Sleep for 4.967391 seconds and try again... (tryings = 43, bot id = 8839138509)
2026-08-03 22:09:09 | ERROR    | aiogram.dispatcher | Failed to fetch updates - TelegramConflictError: Telegram server says - Conflict: terminated by other getUpdates request; make sure that only one bot instance is running
2026-08-03 22:09:09 | WARNING  | aiogram.dispatcher | Sleep for 5.078137 seconds and try again... (tryings = 31, bot id = 8839138509)
2026-08-03 22:09:11 | ERROR    | aiogram.dispatcher | Failed to fetch updates - TelegramConflictError: Telegram server says - Conflict: terminated by other getUpdates request; make sure that only one bot instance is running
2026-08-03 22:09:11 | WARNING  | aiogram.dispatcher | Sleep for 5.034734 seconds and try again... (tryings = 46, bot id = 8839138509)
2026-08-03 22:09:14 | ERROR    | aiogram.dispatcher | Failed to fetch updates - TelegramConflictError: Telegram server says - Conflict: terminated by other getUpdates request; make sure that only one bot instance is running
2026-08-03 22:09:14 | WARNING  | aiogram.dispatcher | Sleep for 4.994477 seconds and try again... (tryings = 10, bot id = 8839138509)
2026-08-03 22:09:15 | ERROR    | aiogram.dispatcher | Failed to fetch updates - TelegramConflictError: Telegram server says - Conflict: terminated by other getUpdates request; make sure that only one bot instance is running
2026-08-03 22:09:15 | WARNING  | aiogram.dispatcher | Sleep for 4.846812 seconds and try again... (tryings = 44, bot id = 8839138509)
2026-08-03 22:09:19 | ERROR    | aiogram.dispatcher | Failed to fetch updates - TelegramConflictError: Telegram server says - Conflict: terminated by other getUpdates request; make sure that only one bot instance is running
2026-08-03 22:09:19 | WARNING  | aiogram.dispatcher | Sleep for 5.116379 seconds and try again... (tryings = 32, bot id = 8839138509)
2026-08-03 22:09:20 | ERROR    | aiogram.dispatcher | Failed to fetch updates - TelegramConflictError: Telegram server says - Conflict: terminated by other getUpdates request; make sure that only one bot instance is running
2026-08-03 22:09:20 | WARNING  | aiogram.dispatcher | Sleep for 4.963285 seconds and try again... (tryings = 47, bot id = 8839138509)
2026-08-03 22:09:23 | ERROR    | aiogram.dispatcher | Failed to fetch updates - TelegramConflictError: Telegram server says - Conflict: terminated by other getUpdates request; make sure that only one bot instance is running
2026-08-03 22:09:23 | WARNING  | aiogram.dispatcher | Sleep for 4.978858 seconds and try again... (tryings = 45, bot id = 8839138509)
2026-08-03 22:09:24 | ERROR    | aiogram.dispatcher | Failed to fetch updates - TelegramConflictError: Telegram server says - Conflict: terminated by other getUpdates request; make sure that only one bot instance is running
2026-08-03 22:09:24 | WARNING  | aiogram.dispatcher | Sleep for 5.182551 seconds and try again... (tryings = 11, bot id = 8839138509)
2026-08-03 22:09:28 | ERROR    | aiogram.dispatcher | Failed to fetch updates - TelegramConflictError: Telegram server says - Conflict: terminated by other getUpdates request; make sure that only one bot instance is running
2026-08-03 22:09:28 | WARNING  | aiogram.dispatcher | Sleep for 4.924977 seconds and try again... (tryings = 33, bot id = 8839138509)
2026-08-03 22:09:28 | ERROR    | aiogram.dispatcher | Failed to fetch updates - TelegramConflictError: Telegram server says - Conflict: terminated by other getUpdates request; make sure that only one bot instance is running
2026-08-03 22:09:28 | WARNING  | aiogram.dispatcher | Sleep for 5.122277 seconds and try again... (tryings = 48, bot id = 8839138509)
2026-08-03 22:09:32 | ERROR    | aiogram.dispatcher | Failed to fetch updates - TelegramConflictError: Telegram server says - Conflict: terminated by other getUpdates request; make sure that only one bot instance is running
2026-08-03 22:09:32 | WARNING  | aiogram.dispatcher | Sleep for 5.136819 seconds and try again... (tryings = 46, bot id = 8839138509)
2026-08-03 22:09:33 | ERROR    | aiogram.dispatcher | Failed to fetch updates - TelegramConflictError: Telegram server says - Conflict: terminated by other getUpdates request; make sure that only one bot instance is running
2026-08-03 22:09:33 | WARNING  | aiogram.dispatcher | Sleep for 5.153614 seconds and try again... (tryings = 12, bot id = 8839138509)
2026-08-03 22:09:36 | ERROR    | aiogram.dispatcher | Failed to fetch updates - TelegramConflictError: Telegram server says - Conflict: terminated by other getUpdates request; make sure that only one bot instance is running
2026-08-03 22:09:36 | WARNING  | aiogram.dispatcher | Sleep for 5.049009 seconds and try again... (tryings = 34, bot id = 8839138509)
2026-08-03 22:09:38 | ERROR    | aiogram.dispatcher | Failed to fetch updates - TelegramConflictError: Telegram server says - Conflict: terminated by other getUpdates request; make sure that only one bot instance is running
2026-08-03 22:09:38 | WARNING  | aiogram.dispatcher | Sleep for 4.894790 seconds and try again... (tryings = 49, bot id = 8839138509)
2026-08-03 22:09:41 | ERROR    | aiogram.dispatcher | Failed to fetch updates - TelegramConflictError: Telegram server says - Conflict: terminated by other getUpdates request; make sure that only one bot instance is running
2026-08-03 22:09:41 | WARNING  | aiogram.dispatcher | Sleep for 5.154199 seconds and try again... (tryings = 47, bot id = 8839138509)
2026-08-03 22:09:41 | ERROR    | aiogram.dispatcher | Failed to fetch updates - TelegramConflictError: Telegram server says - Conflict: terminated by other getUpdates request; make sure that only one bot instance is running
2026-08-03 22:09:41 | WARNING  | aiogram.dispatcher | Sleep for 4.943625 seconds and try again... (tryings = 13, bot id = 8839138509)
2026-08-03 22:09:46 | ERROR    | aiogram.dispatcher | Failed to fetch updates - TelegramConflictError: Telegram server says - Conflict: terminated by other getUpdates request; make sure that only one bot instance is running
2026-08-03 22:09:46 | WARNING  | aiogram.dispatcher | Sleep for 5.034034 seconds and try again... (tryings = 35, bot id = 8839138509)
2026-08-03 22:09:46 | ERROR    | aiogram.dispatcher | Failed to fetch updates - TelegramConflictError: Telegram server says - Conflict: terminated by other getUpdates request; make sure that only one bot instance is running
2026-08-03 22:09:46 | WARNING  | aiogram.dispatcher | Sleep for 4.997369 seconds and try again... (tryings = 50, bot id = 8839138509)
2026-08-03 22:09:49 | ERROR    | aiogram.dispatcher | Failed to fetch updates - TelegramConflictError: Telegram server says - Conflict: terminated by other getUpdates request; make sure that only one bot instance is running
2026-08-03 22:09:49 | WARNING  | aiogram.dispatcher | Sleep for 4.925903 seconds and try again... (tryings = 14, bot id = 8839138509)
2026-08-03 22:09:51 | ERROR    | aiogram.dispatcher | Failed to fetch updates - TelegramConflictError: Telegram server says - Conflict: terminated by other getUpdates request; make sure that only one bot instance is running
2026-08-03 22:09:51 | WARNING  | aiogram.dispatcher | Sleep for 5.095374 seconds and try again... (tryings = 48, bot id = 8839138509)
2026-08-03 22:09:54 | ERROR    | aiogram.dispatcher | Failed to fetch updates - TelegramConflictError: Telegram server says - Conflict: terminated by other getUpdates request; make sure that only one bot instance is running
2026-08-03 22:09:54 | WARNING  | aiogram.dispatcher | Sleep for 5.043552 seconds and try again... (tryings = 36, bot id = 8839138509)
2026-08-03 22:09:54 | ERROR    | aiogram.dispatcher | Failed to fetch updates - TelegramConflictError: Telegram server says - Conflict: terminated by other getUpdates request; make sure that only one bot instance is running
2026-08-03 22:09:54 | WARNING  | aiogram.dispatcher | Sleep for 5.098265 seconds and try again... (tryings = 51, bot id = 8839138509)
2026-08-03 22:09:59 | ERROR    | aiogram.dispatcher | Failed to fetch updates - TelegramConflictError: Telegram server says - Conflict: terminated by other getUpdates request; make sure that only one bot instance is running
2026-08-03 22:09:59 | WARNING  | aiogram.dispatcher | Sleep for 4.981497 seconds and try again... (tryings = 15, bot id = 8839138509)
2026-08-03 22:09:59 | ERROR    | aiogram.dispatcher | Failed to fetch updates - TelegramConflictError: Telegram server says - Conflict: terminated by other getUpdates request; make sure that only one bot instance is running
2026-08-03 22:09:59 | WARNING  | aiogram.dispatcher | Sleep for 4.984059 seconds and try again... (tryings = 49, bot id = 8839138509)
2026-08-03 22:10:02 | ERROR    | aiogram.dispatcher | Failed to fetch updates - TelegramConflictError: Telegram server says - Conflict: terminated by other getUpdates request; make sure that only one bot instance is running
2026-08-03 22:10:02 | WARNING  | aiogram.dispatcher | Sleep for 4.917773 seconds and try again... (tryings = 37, bot id = 8839138509)
2026-08-03 22:10:04 | ERROR    | aiogram.dispatcher | Failed to fetch updates - TelegramConflictError: Telegram server says - Conflict: terminated by other getUpdates request; make sure that only one bot instance is running
2026-08-03 22:10:04 | WARNING  | aiogram.dispatcher | Sleep for 4.982742 seconds and try again... (tryings = 52, bot id = 8839138509)
2026-08-03 22:10:07 | ERROR    | aiogram.dispatcher | Failed to fetch updates - TelegramConflictError: Telegram server says - Conflict: terminated by other getUpdates request; make sure that only one bot instance is running
2026-08-03 22:10:07 | ERROR    | aiogram.dispatcher | Failed to fetch updates - TelegramConflictError: Telegram server says - Conflict: terminated by other getUpdates request; make sure that only one bot instance is running
2026-08-03 22:10:07 | WARNING  | aiogram.dispatcher | Sleep for 4.794054 seconds and try again... (tryings = 50, bot id = 8839138509)
2026-08-03 22:10:07 | WARNING  | aiogram.dispatcher | Sleep for 4.915947 seconds and try again... (tryings = 16, bot id = 8839138509)
2026-08-03 22:10:12 | ERROR    | aiogram.dispatcher | Failed to fetch updates - TelegramConflictError: Telegram server says - Conflict: terminated by other getUpdates request; make sure that only one bot instance is running
2026-08-03 22:10:12 | WARNING  | aiogram.dispatcher | Sleep for 4.928434 seconds and try again... (tryings = 38, bot id = 8839138509)
2026-08-03 22:10:12 | ERROR    | aiogram.dispatcher | Failed to fetch updates - TelegramConflictError: Telegram server says - Conflict: terminated by other getUpdates request; make sure that only one bot instance is running
2026-08-03 22:10:12 | WARNING  | aiogram.dispatcher | Sleep for 5.168030 seconds and try again... (tryings = 53, bot id = 8839138509)
2026-08-03 22:10:15 | ERROR    | aiogram.dispatcher | Failed to fetch updates - TelegramConflictError: Telegram server says - Conflict: terminated by other getUpdates request; make sure that only one bot instance is running
2026-08-03 22:10:15 | WARNING  | aiogram.dispatcher | Sleep for 4.981298 seconds and try again... (tryings = 51, bot id = 8839138509)
2026-08-03 22:10:17 | ERROR    | aiogram.dispatcher | Failed to fetch updates - TelegramConflictError: Telegram server says - Conflict: terminated by other getUpdates request; make sure that only one bot instance is running
2026-08-03 22:10:17 | WARNING  | aiogram.dispatcher | Sleep for 5.081654 seconds and try again... (tryings = 17, bot id = 8839138509)
2026-08-03 22:10:20 | ERROR    | aiogram.dispatcher | Failed to fetch updates - TelegramConflictError: Telegram server says - Conflict: terminated by other getUpdates request; make sure that only one bot instance is running
2026-08-03 22:10:20 | WARNING  | aiogram.dispatcher | Sleep for 5.094401 seconds and try again... (tryings = 54, bot id = 8839138509)
2026-08-03 22:10:20 | ERROR    | aiogram.dispatcher | Failed to fetch updates - TelegramConflictError: Telegram server says - Conflict: terminated by other getUpdates request; make sure that only one bot instance is running
2026-08-03 22:10:20 | WARNING  | aiogram.dispatcher | Sleep for 5.038231 seconds and try again... (tryings = 39, bot id = 8839138509)
2026-08-03 22:10:25 | ERROR    | aiogram.dispatcher | Failed to fetch updates - TelegramConflictError: Telegram server says - Conflict: terminated by other getUpdates request; make sure that only one bot instance is running
2026-08-03 22:10:25 | WARNING  | aiogram.dispatcher | Sleep for 5.141423 seconds and try again... (tryings = 52, bot id = 8839138509)
2026-08-03 22:10:26 | ERROR    | aiogram.dispatcher | Failed to fetch updates - TelegramConflictError: Telegram server says - Conflict: terminated by other getUpdates request; make sure that only one bot instance is running
2026-08-03 22:10:26 | WARNING  | aiogram.dispatcher | Sleep for 5.071441 seconds and try again... (tryings = 18, bot id = 8839138509)
2026-08-03 22:10:29 | ERROR    | aiogram.dispatcher | Failed to fetch updates - TelegramConflictError: Telegram server says - Conflict: terminated by other getUpdates request; make sure that only one bot instance is running
2026-08-03 22:10:29 | WARNING  | aiogram.dispatcher | Sleep for 5.004448 seconds and try again... (tryings = 40, bot id = 8839138509)
2026-08-03 22:10:30 | ERROR    | aiogram.dispatcher | Failed to fetch updates - TelegramConflictError: Telegram server says - Conflict: terminated by other getUpdates request; make sure that only one bot instance is running
2026-08-03 22:10:30 | WARNING  | aiogram.dispatcher | Sleep for 4.973126 seconds and try again... (tryings = 55, bot id = 8839138509)
2026-08-03 22:10:34 | ERROR    | aiogram.dispatcher | Failed to fetch updates - TelegramConflictError: Telegram server says - Conflict: terminated by other getUpdates request; make sure that only one bot instance is running
2026-08-03 22:10:34 | WARNING  | aiogram.dispatcher | Sleep for 5.104070 seconds and try again... (tryings = 19, bot id = 8839138509)
2026-08-03 22:10:34 | ERROR    | aiogram.dispatcher | Failed to fetch updates - TelegramConflictError: Telegram server says - Conflict: terminated by other getUpdates request; make sure that only one bot instance is running
2026-08-03 22:10:34 | WARNING  | aiogram.dispatcher | Sleep for 5.040030 seconds and try again... (tryings = 53, bot id = 8839138509)
2026-08-03 22:10:38 | ERROR    | aiogram.dispatcher | Failed to fetch updates - TelegramConflictError: Telegram server says - Conflict: terminated by other getUpdates request; make sure that only one bot instance is running
2026-08-03 22:10:38 | WARNING  | aiogram.dispatcher | Sleep for 5.082421 seconds and try again... (tryings = 41, bot id = 8839138509)
2026-08-03 22:10:39 | ERROR    | aiogram.dispatcher | Failed to fetch updates - TelegramConflictError: Telegram server says - Conflict: terminated by other getUpdates request; make sure that only one bot instance is running
2026-08-03 22:10:39 | WARNING  | aiogram.dispatcher | Sleep for 4.964531 seconds and try again... (tryings = 56, bot id = 8839138509)
2026-08-03 22:10:42 | ERROR    | aiogram.dispatcher | Failed to fetch updates - TelegramConflictError: Telegram server says - Conflict: terminated by other getUpdates request; make sure that only one bot instance is running
2026-08-03 22:10:42 | WARNING  | aiogram.dispatcher | Sleep for 5.001082 seconds and try again... (tryings = 54, bot id = 8839138509)
2026-08-03 22:10:44 | ERROR    | aiogram.dispatcher | Failed to fetch updates - TelegramConflictError: Telegram server says - Conflict: terminated by other getUpdates request; make sure that only one bot instance is running
2026-08-03 22:10:44 | WARNING  | aiogram.dispatcher | Sleep for 5.040591 seconds and try again... (tryings = 20, bot id = 8839138509)
2026-08-03 22:10:47 | ERROR    | aiogram.dispatcher | Failed to fetch updates - TelegramConflictError: Telegram server says - Conflict: terminated by other getUpdates request; make sure that only one bot instance is running
2026-08-03 22:10:47 | WARNING  | aiogram.dispatcher | Sleep for 5.144150 seconds and try again... (tryings = 42, bot id = 8839138509)
2026-08-03 22:10:47 | ERROR    | aiogram.dispatcher | Failed to fetch updates - TelegramConflictError: Telegram server says - Conflict: terminated by other getUpdates request; make sure that only one bot instance is running
2026-08-03 22:10:47 | WARNING  | aiogram.dispatcher | Sleep for 5.043072 seconds and try again... (tryings = 57, bot id = 8839138509)
2026-08-03 22:10:52 | ERROR    | aiogram.dispatcher | Failed to fetch updates - TelegramConflictError: Telegram server says - Conflict: terminated by other getUpdates request; make sure that only one bot instance is running
2026-08-03 22:10:52 | WARNING  | aiogram.dispatcher | Sleep for 5.052252 seconds and try again... (tryings = 55, bot id = 8839138509)
2026-08-03 22:10:52 | ERROR    | aiogram.dispatcher | Failed to fetch updates - TelegramConflictError: Telegram server says - Conflict: terminated by other getUpdates request; make sure that only one bot instance is running
2026-08-03 22:10:52 | WARNING  | aiogram.dispatcher | Sleep for 4.828906 seconds and try again... (tryings = 21, bot id = 8839138509)
2026-08-03 22:10:55 | ERROR    | aiogram.dispatcher | Failed to fetch updates - TelegramConflictError: Telegram server says - Conflict: terminated by other getUpdates request; make sure that only one bot instance is running
2026-08-03 22:10:55 | WARNING  | aiogram.dispatcher | Sleep for 5.084492 seconds and try again... (tryings = 58, bot id = 8839138509)
2026-08-03 22:10:57 | ERROR    | aiogram.dispatcher | Failed to fetch updates - TelegramConflictError: Telegram server says - Conflict: terminated by other getUpdates request; make sure that only one bot instance is running
2026-08-03 22:10:57 | WARNING  | aiogram.dispatcher | Sleep for 4.818246 seconds and try again... (tryings = 43, bot id = 8839138509)
2026-08-03 22:11:00 | ERROR    | aiogram.dispatcher | Failed to fetch updates - TelegramConflictError: Telegram server says - Conflict: terminated by other getUpdates request; make sure that only one bot instance is running
2026-08-03 22:11:00 | WARNING  | aiogram.dispatcher | Sleep for 5.112722 seconds and try again... (tryings = 56, bot id = 8839138509)
2026-08-03 22:11:00 | ERROR    | aiogram.dispatcher | Failed to fetch updates - TelegramConflictError: Telegram server says - Conflict: terminated by other getUpdates request; make sure that only one bot instance is running
2026-08-03 22:11:00 | WARNING  | aiogram.dispatcher | Sleep for 5.140612 seconds and try again... (tryings = 22, bot id = 8839138509)
2026-08-03 22:11:05 | ERROR    | aiogram.dispatcher | Failed to fetch updates - TelegramConflictError: Telegram server says - Conflict: terminated by other getUpdates request; make sure that only one bot instance is running
2026-08-03 22:11:05 | WARNING  | aiogram.dispatcher | Sleep for 5.043256 seconds and try again... (tryings = 59, bot id = 8839138509)
2026-08-03 22:11:05 | ERROR    | aiogram.dispatcher | Failed to fetch updates - TelegramConflictError: Telegram server says - Conflict: terminated by other getUpdates request; make sure that only one bot instance is running
2026-08-03 22:11:05 | WARNING  | aiogram.dispatcher | Sleep for 5.020410 seconds and try again... (tryings = 44, bot id = 8839138509)
2026-08-03 22:11:08 | ERROR    | aiogram.dispatcher | Failed to fetch updates - TelegramConflictError: Telegram server says - Conflict: terminated by other getUpdates request; make sure that only one bot instance is running
2026-08-03 22:11:08 | WARNING  | aiogram.dispatcher | Sleep for 4.925911 seconds and try again... (tryings = 57, bot id = 8839138509)
2026-08-03 22:11:10 | ERROR    | aiogram.dispatcher | Failed to fetch updates - TelegramConflictError: Telegram server says - Conflict: terminated by other getUpdates request; make sure that only one bot instance is running
2026-08-03 22:11:10 | WARNING  | aiogram.dispatcher | Sleep for 4.922637 seconds and try again... (tryings = 23, bot id = 8839138509)
2026-08-03 22:11:13 | ERROR    | aiogram.dispatcher | Failed to fetch updates - TelegramConflictError: Telegram server says - Conflict: terminated by other getUpdates request; make sure that only one bot instance is running
2026-08-03 22:11:13 | WARNING  | aiogram.dispatcher | Sleep for 4.857478 seconds and try again... (tryings = 60, bot id = 8839138509)
2026-08-03 22:11:13 | ERROR    | aiogram.dispatcher | Failed to fetch updates - TelegramConflictError: Telegram server says - Conflict: terminated by other getUpdates request; make sure that only one bot instance is running
2026-08-03 22:11:13 | WARNING  | aiogram.dispatcher | Sleep for 5.078810 seconds and try again... (tryings = 45, bot id = 8839138509)
2026-08-03 22:11:18 | ERROR    | aiogram.dispatcher | Failed to fetch updates - TelegramConflictError: Telegram server says - Conflict: terminated by other getUpdates request; make sure that only one bot instance is running
2026-08-03 22:11:18 | WARNING  | aiogram.dispatcher | Sleep for 4.982549 seconds and try again... (tryings = 58, bot id = 8839138509)
2026-08-03 22:11:18 | ERROR    | aiogram.dispatcher | Failed to fetch updates - TelegramConflictError: Telegram server says - Conflict: terminated by other getUpdates request; make sure that only one bot instance is running
2026-08-03 22:11:18 | WARNING  | aiogram.dispatcher | Sleep for 4.935505 seconds and try again... (tryings = 24, bot id = 8839138509)
2026-08-03 22:11:22 | ERROR    | aiogram.dispatcher | Failed to fetch updates - TelegramConflictError: Telegram server says - Conflict: terminated by other getUpdates request; make sure that only one bot instance is running
2026-08-03 22:11:22 | WARNING  | aiogram.dispatcher | Sleep for 5.028926 seconds and try again... (tryings = 61, bot id = 8839138509)
2026-08-03 22:11:23 | ERROR    | aiogram.dispatcher | Failed to fetch updates - TelegramConflictError: Telegram server says - Conflict: terminated by other getUpdates request; make sure that only one bot instance is running
2026-08-03 22:11:23 | WARNING  | aiogram.dispatcher | Sleep for 5.010283 seconds and try again... (tryings = 46, bot id = 8839138509)
2026-08-03 22:11:26 | ERROR    | aiogram.dispatcher | Failed to fetch updates - TelegramConflictError: Telegram server says - Conflict: terminated by other getUpdates request; make sure that only one bot instance is running
2026-08-03 22:11:26 | WARNING  | aiogram.dispatcher | Sleep for 4.895279 seconds and try again... (tryings = 59, bot id = 8839138509)
2026-08-03 22:11:27 | ERROR    | aiogram.dispatcher | Failed to fetch updates - TelegramConflictError: Telegram server says - Conflict: terminated by other getUpdates request; make sure that only one bot instance is running
2026-08-03 22:11:27 | WARNING  | aiogram.dispatcher | Sleep for 5.018149 seconds and try again... (tryings = 25, bot id = 8839138509)
2026-08-03 22:11:31 | ERROR    | aiogram.dispatcher | Failed to fetch updates - TelegramConflictError: Telegram server says - Conflict: terminated by other getUpdates request; make sure that only one bot instance is running
2026-08-03 22:11:31 | WARNING  | aiogram.dispatcher | Sleep for 5.074282 seconds and try again... (tryings = 62, bot id = 8839138509)
2026-08-03 22:11:31 | ERROR    | aiogram.dispatcher | Failed to fetch updates - TelegramConflictError: Telegram server says - Conflict: terminated by other getUpdates request; make sure that only one bot instance is running
2026-08-03 22:11:31 | WARNING  | aiogram.dispatcher | Sleep for 4.994414 seconds and try again... (tryings = 47, bot id = 8839138509)
2026-08-03 22:11:35 | ERROR    | aiogram.dispatcher | Failed to fetch updates - TelegramConflictError: Telegram server says - Conflict: terminated by other getUpdates request; make sure that only one bot instance is running
2026-08-03 22:11:35 | WARNING  | aiogram.dispatcher | Sleep for 5.175814 seconds and try again... (tryings = 60, bot id = 8839138509)
2026-08-03 22:11:36 | ERROR    | aiogram.dispatcher | Failed to fetch updates - TelegramConflictError: Telegram server says - Conflict: terminated by other getUpdates request; make sure that only one bot instance is running
2026-08-03 22:11:36 | WARNING  | aiogram.dispatcher | Sleep for 4.895182 seconds and try again... (tryings = 26, bot id = 8839138509)
2026-08-03 22:11:39 | ERROR    | aiogram.dispatcher | Failed to fetch updates - TelegramConflictError: Telegram server says - Conflict: terminated by other getUpdates request; make sure that only one bot instance is running
2026-08-03 22:11:39 | WARNING  | aiogram.dispatcher | Sleep for 5.074819 seconds and try again... (tryings = 48, bot id = 8839138509)
2026-08-03 22:11:40 | ERROR    | aiogram.dispatcher | Failed to fetch updates - TelegramConflictError: Telegram server says - Conflict: terminated by other getUpdates request; make sure that only one bot instance is running
2026-08-03 22:11:40 | WARNING  | aiogram.dispatcher | Sleep for 5.023312 seconds and try again... (tryings = 63, bot id = 8839138509)
2026-08-03 22:11:44 | ERROR    | aiogram.dispatcher | Failed to fetch updates - TelegramConflictError: Telegram server says - Conflict: terminated by other getUpdates request; make sure that only one bot instance is running
2026-08-03 22:11:44 | WARNING  | aiogram.dispatcher | Sleep for 5.104843 seconds and try again... (tryings = 61, bot id = 8839138509)
2026-08-03 22:11:44 | ERROR    | aiogram.dispatcher | Failed to fetch updates - TelegramConflictError: Telegram server says - Conflict: terminated by other getUpdates request; make sure that only one bot instance is running
2026-08-03 22:11:44 | WARNING  | aiogram.dispatcher | Sleep for 5.094828 seconds and try again... (tryings = 27, bot id = 8839138509)
2026-08-03 22:11:48 | ERROR    | aiogram.dispatcher | Failed to fetch updates - TelegramConflictError: Telegram server says - Conflict: terminated by other getUpdates request; make sure that only one bot instance is running
2026-08-03 22:11:48 | WARNING  | aiogram.dispatcher | Sleep for 4.964194 seconds and try again... (tryings = 49, bot id = 8839138509)
2026-08-03 22:11:49 | ERROR    | aiogram.dispatcher | Failed to fetch updates - TelegramConflictError: Telegram server says - Conflict: terminated by other getUpdates request; make sure that only one bot instance is running
2026-08-03 22:11:49 | WARNING  | aiogram.dispatcher | Sleep for 4.798913 seconds and try again... (tryings = 64, bot id = 8839138509)
2026-08-03 22:11:53 | ERROR    | aiogram.dispatcher | Failed to fetch updates - TelegramConflictError: Telegram server says - Conflict: terminated by other getUpdates request; make sure that only one bot instance is running
2026-08-03 22:11:53 | WARNING  | aiogram.dispatcher | Sleep for 5.031215 seconds and try again... (tryings = 62, bot id = 8839138509)
2026-08-03 22:11:53 | ERROR    | aiogram.dispatcher | Failed to fetch updates - TelegramConflictError: Telegram server says - Conflict: terminated by other getUpdates request; make sure that only one bot instance is running
2026-08-03 22:11:53 | WARNING  | aiogram.dispatcher | Sleep for 4.988962 seconds and try again... (tryings = 28, bot id = 8839138509)
2026-08-03 22:11:57 | ERROR    | aiogram.dispatcher | Failed to fetch updates - TelegramConflictError: Telegram server says - Conflict: terminated by other getUpdates request; make sure that only one bot instance is running
2026-08-03 22:11:57 | WARNING  | aiogram.dispatcher | Sleep for 5.097670 seconds and try again... (tryings = 50, bot id = 8839138509)
2026-08-03 22:11:58 | ERROR    | aiogram.dispatcher | Failed to fetch updates - TelegramConflictError: Telegram server says - Conflict: terminated by other getUpdates request; make sure that only one bot instance is running
2026-08-03 22:11:58 | WARNING  | aiogram.dispatcher | Sleep for 5.118584 seconds and try again... (tryings = 65, bot id = 8839138509)
2026-08-03 22:12:01 | ERROR    | aiogram.dispatcher | Failed to fetch updates - TelegramConflictError: Telegram server says - Conflict: terminated by other getUpdates request; make sure that only one bot instance is running
2026-08-03 22:12:01 | WARNING  | aiogram.dispatcher | Sleep for 4.987151 seconds and try again... (tryings = 63, bot id = 8839138509)
2026-08-03 22:12:02 | ERROR    | aiogram.dispatcher | Failed to fetch updates - TelegramConflictError: Telegram server says - Conflict: terminated by other getUpdates request; make sure that only one bot instance is running
2026-08-03 22:12:02 | WARNING  | aiogram.dispatcher | Sleep for 4.889446 seconds and try again... (tryings = 29, bot id = 8839138509)
2026-08-03 22:12:06 | ERROR    | aiogram.dispatcher | Failed to fetch updates - TelegramConflictError: Telegram server says - Conflict: terminated by other getUpdates request; make sure that only one bot instance is running
2026-08-03 22:12:06 | WARNING  | aiogram.dispatcher | Sleep for 4.799133 seconds and try again... (tryings = 51, bot id = 8839138509)
2026-08-03 22:12:06 | ERROR    | aiogram.dispatcher | Failed to fetch updates - TelegramConflictError: Telegram server says - Conflict: terminated by other getUpdates request; make sure that only one bot instance is running
2026-08-03 22:12:06 | WARNING  | aiogram.dispatcher | Sleep for 4.825468 seconds and try again... (tryings = 66, bot id = 8839138509)
2026-08-03 22:12:10 | ERROR    | aiogram.dispatcher | Failed to fetch updates - TelegramConflictError: Telegram server says - Conflict: terminated by other getUpdates request; make sure that only one bot instance is running
2026-08-03 22:12:10 | WARNING  | aiogram.dispatcher | Sleep for 5.263302 seconds and try again... (tryings = 64, bot id = 8839138509)
2026-08-03 22:12:11 | ERROR    | aiogram.dispatcher | Failed to fetch updates - TelegramConflictError: Telegram server says - Conflict: terminated by other getUpdates request; make sure that only one bot instance is running
2026-08-03 22:12:11 | WARNING  | aiogram.dispatcher | Sleep for 4.925172 seconds and try again... (tryings = 30, bot id = 8839138509)
2026-08-03 22:12:14 | ERROR    | aiogram.dispatcher | Failed to fetch updates - TelegramConflictError: Telegram server says - Conflict: terminated by other getUpdates request; make sure that only one bot instance is running
2026-08-03 22:12:14 | WARNING  | aiogram.dispatcher | Sleep for 4.897366 seconds and try again... (tryings = 52, bot id = 8839138509)
2026-08-03 22:12:16 | ERROR    | aiogram.dispatcher | Failed to fetch updates - TelegramConflictError: Telegram server says - Conflict: terminated by other getUpdates request; make sure that only one bot instance is running
2026-08-03 22:12:16 | WARNING  | aiogram.dispatcher | Sleep for 5.039458 seconds and try again... (tryings = 67, bot id = 8839138509)
2026-08-03 22:12:19 | ERROR    | aiogram.dispatcher | Failed to fetch updates - TelegramConflictError: Telegram server says - Conflict: terminated by other getUpdates request; make sure that only one bot instance is running
2026-08-03 22:12:19 | WARNING  | aiogram.dispatcher | Sleep for 5.086285 seconds and try again... (tryings = 65, bot id = 8839138509)
2026-08-03 22:12:19 | ERROR    | aiogram.dispatcher | Failed to fetch updates - TelegramConflictError: Telegram server says - Conflict: terminated by other getUpdates request; make sure that only one bot instance is running
2026-08-03 22:12:19 | WARNING  | aiogram.dispatcher | Sleep for 4.966318 seconds and try again... (tryings = 31, bot id = 8839138509)
2026-08-03 22:12:24 | ERROR    | aiogram.dispatcher | Failed to fetch updates - TelegramConflictError: Telegram server says - Conflict: terminated by other getUpdates request; make sure that only one bot instance is running
2026-08-03 22:12:24 | WARNING  | aiogram.dispatcher | Sleep for 4.979217 seconds and try again... (tryings = 53, bot id = 8839138509)
2026-08-03 22:12:24 | ERROR    | aiogram.dispatcher | Failed to fetch updates - TelegramConflictError: Telegram server says - Conflict: terminated by other getUpdates request; make sure that only one bot instance is running
2026-08-03 22:12:24 | WARNING  | aiogram.dispatcher | Sleep for 4.914717 seconds and try again... (tryings = 68, bot id = 8839138509)
2026-08-03 22:12:27 | ERROR    | aiogram.dispatcher | Failed to fetch updates - TelegramConflictError: Telegram server says - Conflict: terminated by other getUpdates request; make sure that only one bot instance is running
2026-08-03 22:12:27 | WARNING  | aiogram.dispatcher | Sleep for 5.106324 seconds and try again... (tryings = 66, bot id = 8839138509)
2026-08-03 22:12:29 | ERROR    | aiogram.dispatcher | Failed to fetch updates - TelegramConflictError: Telegram server says - Conflict: terminated by other getUpdates request; make sure that only one bot instance is running
2026-08-03 22:12:29 | WARNING  | aiogram.dispatcher | Sleep for 4.919015 seconds and try again... (tryings = 32, bot id = 8839138509)
2026-08-03 22:12:32 | ERROR    | aiogram.dispatcher | Failed to fetch updates - TelegramConflictError: Telegram server says - Conflict: terminated by other getUpdates request; make sure that only one bot instance is running
2026-08-03 22:12:32 | WARNING  | aiogram.dispatcher | Sleep for 5.154100 seconds and try again... (tryings = 54, bot id = 8839138509)
2026-08-03 22:12:33 | ERROR    | aiogram.dispatcher | Failed to fetch updates - TelegramConflictError: Telegram server says - Conflict: terminated by other getUpdates request; make sure that only one bot instance is running
2026-08-03 22:12:33 | WARNING  | aiogram.dispatcher | Sleep for 4.978997 seconds and try again... (tryings = 69, bot id = 8839138509)
2026-08-03 22:12:37 | ERROR    | aiogram.dispatcher | Failed to fetch updates - TelegramConflictError: Telegram server says - Conflict: terminated by other getUpdates request; make sure that only one bot instance is running
2026-08-03 22:12:37 | WARNING  | aiogram.dispatcher | Sleep for 5.028425 seconds and try again... (tryings = 67, bot id = 8839138509)
2026-08-03 22:12:37 | ERROR    | aiogram.dispatcher | Failed to fetch updates - TelegramConflictError: Telegram server says - Conflict: terminated by other getUpdates request; make sure that only one bot instance is running
2026-08-03 22:12:37 | WARNING  | aiogram.dispatcher | Sleep for 4.820342 seconds and try again... (tryings = 33, bot id = 8839138509)
2026-08-03 22:12:41 | ERROR    | aiogram.dispatcher | Failed to fetch updates - TelegramConflictError: Telegram server says - Conflict: terminated by other getUpdates request; make sure that only one bot instance is running
2026-08-03 22:12:41 | WARNING  | aiogram.dispatcher | Sleep for 4.883317 seconds and try again... (tryings = 55, bot id = 8839138509)
2026-08-03 22:12:42 | ERROR    | aiogram.dispatcher | Failed to fetch updates - TelegramConflictError: Telegram server says - Conflict: terminated by other getUpdates request; make sure that only one bot instance is running
2026-08-03 22:12:42 | WARNING  | aiogram.dispatcher | Sleep for 4.871404 seconds and try again... (tryings = 70, bot id = 8839138509)
2026-08-03 22:12:45 | ERROR    | aiogram.dispatcher | Failed to fetch updates - TelegramConflictError: Telegram server says - Conflict: terminated by other getUpdates request; make sure that only one bot instance is running
2026-08-03 22:12:45 | WARNING  | aiogram.dispatcher | Sleep for 4.924105 seconds and try again... (tryings = 68, bot id = 8839138509)
2026-08-03 22:12:46 | ERROR    | aiogram.dispatcher | Failed to fetch updates - TelegramConflictError: Telegram server says - Conflict: terminated by other getUpdates request; make sure that only one bot instance is running
2026-08-03 22:12:46 | WARNING  | aiogram.dispatcher | Sleep for 4.865577 seconds and try again... (tryings = 34, bot id = 8839138509)
2026-08-03 22:12:50 | ERROR    | aiogram.dispatcher | Failed to fetch updates - TelegramConflictError: Telegram server says - Conflict: terminated by other getUpdates request; make sure that only one bot instance is running
2026-08-03 22:12:50 | WARNING  | aiogram.dispatcher | Sleep for 5.035255 seconds and try again... (tryings = 56, bot id = 8839138509)
2026-08-03 22:12:50 | ERROR    | aiogram.dispatcher | Failed to fetch updates - TelegramConflictError: Telegram server says - Conflict: terminated by other getUpdates request; make sure that only one bot instance is running
2026-08-03 22:12:50 | WARNING  | aiogram.dispatcher | Sleep for 5.088430 seconds and try again... (tryings = 71, bot id = 8839138509)
2026-08-03 22:12:54 | ERROR    | aiogram.dispatcher | Failed to fetch updates - TelegramConflictError: Telegram server says - Conflict: terminated by other getUpdates request; make sure that only one bot instance is running
2026-08-03 22:12:54 | WARNING  | aiogram.dispatcher | Sleep for 5.078791 seconds and try again... (tryings = 69, bot id = 8839138509)
2026-08-03 22:12:55 | ERROR    | aiogram.dispatcher | Failed to fetch updates - TelegramConflictError: Telegram server says - Conflict: terminated by other getUpdates request; make sure that only one bot instance is running
2026-08-03 22:12:55 | WARNING  | aiogram.dispatcher | Sleep for 5.164139 seconds and try again... (tryings = 35, bot id = 8839138509)
2026-08-03 22:12:59 | ERROR    | aiogram.dispatcher | Failed to fetch updates - TelegramConflictError: Telegram server says - Conflict: terminated by other getUpdates request; make sure that only one bot instance is running
2026-08-03 22:12:59 | WARNING  | aiogram.dispatcher | Sleep for 4.955220 seconds and try again... (tryings = 57, bot id = 8839138509)
2026-08-03 22:12:59 | ERROR    | aiogram.dispatcher | Failed to fetch updates - TelegramConflictError: Telegram server says - Conflict: terminated by other getUpdates request; make sure that only one bot instance is running
2026-08-03 22:12:59 | WARNING  | aiogram.dispatcher | Sleep for 4.851775 seconds and try again... (tryings = 72, bot id = 8839138509)
2026-08-03 22:13:04 | ERROR    | aiogram.dispatcher | Failed to fetch updates - TelegramConflictError: Telegram server says - Conflict: terminated by other getUpdates request; make sure that only one bot instance is running
2026-08-03 22:13:04 | WARNING  | aiogram.dispatcher | Sleep for 5.043892 seconds and try again... (tryings = 36, bot id = 8839138509)
2026-08-03 22:13:04 | ERROR    | aiogram.dispatcher | Failed to fetch updates - TelegramConflictError: Telegram server says - Conflict: terminated by other getUpdates request; make sure that only one bot instance is running
2026-08-03 22:13:04 | WARNING  | aiogram.dispatcher | Sleep for 4.989690 seconds and try again... (tryings = 70, bot id = 8839138509)
2026-08-03 22:13:07 | ERROR    | aiogram.dispatcher | Failed to fetch updates - TelegramConflictError: Telegram server says - Conflict: terminated by other getUpdates request; make sure that only one bot instance is running
2026-08-03 22:13:07 | WARNING  | aiogram.dispatcher | Sleep for 4.925204 seconds and try again... (tryings = 58, bot id = 8839138509)
2026-08-03 22:13:09 | ERROR    | aiogram.dispatcher | Failed to fetch updates - TelegramConflictError: Telegram server says - Conflict: terminated by other getUpdates request; make sure that only one bot instance is running
2026-08-03 22:13:09 | WARNING  | aiogram.dispatcher | Sleep for 5.053824 seconds and try again... (tryings = 73, bot id = 8839138509)
2026-08-03 22:13:12 | ERROR    | aiogram.dispatcher | Failed to fetch updates - TelegramConflictError: Telegram server says - Conflict: terminated by other getUpdates request; make sure that only one bot instance is running
2026-08-03 22:13:12 | WARNING  | aiogram.dispatcher | Sleep for 4.873177 seconds and try again... (tryings = 37, bot id = 8839138509)
2026-08-03 22:13:14 | ERROR    | aiogram.dispatcher | Failed to fetch updates - TelegramConflictError: Telegram server says - Conflict: terminated by other getUpdates request; make sure that only one bot instance is running
2026-08-03 22:13:14 | WARNING  | aiogram.dispatcher | Sleep for 5.045512 seconds and try again... (tryings = 59, bot id = 8839138509)
2026-08-03 22:13:15 | ERROR    | aiogram.dispatcher | Failed to fetch updates - TelegramConflictError: Telegram server says - Conflict: terminated by other getUpdates request; make sure that only one bot instance is running
2026-08-03 22:13:15 | WARNING  | aiogram.dispatcher | Sleep for 4.956019 seconds and try again... (tryings = 71, bot id = 8839138509)
2026-08-03 22:13:19 | ERROR    | aiogram.dispatcher | Failed to fetch updates - TelegramConflictError: Telegram server says - Conflict: terminated by other getUpdates request; make sure that only one bot instance is running
2026-08-03 22:13:19 | WARNING  | aiogram.dispatcher | Sleep for 4.895783 seconds and try again... (tryings = 38, bot id = 8839138509)
2026-08-03 22:13:20 | ERROR    | aiogram.dispatcher | Failed to fetch updates - TelegramConflictError: Telegram server says - Conflict: terminated by other getUpdates request; make sure that only one bot instance is running
2026-08-03 22:13:20 | WARNING  | aiogram.dispatcher | Sleep for 4.948243 seconds and try again... (tryings = 74, bot id = 8839138509)
2026-08-03 22:13:23 | ERROR    | aiogram.dispatcher | Failed to fetch updates - TelegramConflictError: Telegram server says - Conflict: terminated by other getUpdates request; make sure that only one bot instance is running
2026-08-03 22:13:23 | WARNING  | aiogram.dispatcher | Sleep for 4.955703 seconds and try again... (tryings = 60, bot id = 8839138509)
2026-08-03 22:13:24 | ERROR    | aiogram.dispatcher | Failed to fetch updates - TelegramConflictError: Telegram server says - Conflict: terminated by other getUpdates request; make sure that only one bot instance is running
2026-08-03 22:13:24 | WARNING  | aiogram.dispatcher | Sleep for 4.953669 seconds and try again... (tryings = 72, bot id = 8839138509)
2026-08-03 22:13:28 | ERROR    | aiogram.dispatcher | Failed to fetch updates - TelegramConflictError: Telegram server says - Conflict: terminated by other getUpdates request; make sure that only one bot instance is running
2026-08-03 22:13:28 | WARNING  | aiogram.dispatcher | Sleep for 4.925976 seconds and try again... (tryings = 75, bot id = 8839138509)
2026-08-03 22:13:28 | ERROR    | aiogram.dispatcher | Failed to fetch updates - TelegramConflictError: Telegram server says - Conflict: terminated by other getUpdates request; make sure that only one bot instance is running
2026-08-03 22:13:28 | WARNING  | aiogram.dispatcher | Sleep for 4.921097 seconds and try again... (tryings = 39, bot id = 8839138509)
2026-08-03 22:13:32 | ERROR    | aiogram.dispatcher | Failed to fetch updates - TelegramConflictError: Telegram server says - Conflict: terminated by other getUpdates request; make sure that only one bot instance is running
2026-08-03 22:13:32 | WARNING  | aiogram.dispatcher | Sleep for 4.914229 seconds and try again... (tryings = 61, bot id = 8839138509)
2026-08-03 22:13:33 | ERROR    | aiogram.dispatcher | Failed to fetch updates - TelegramConflictError: Telegram server says - Conflict: terminated by other getUpdates request; make sure that only one bot instance is running
2026-08-03 22:13:33 | WARNING  | aiogram.dispatcher | Sleep for 4.931912 seconds and try again... (tryings = 73, bot id = 8839138509)
2026-08-03 22:13:36 | ERROR    | aiogram.dispatcher | Failed to fetch updates - TelegramConflictError: Telegram server says - Conflict: terminated by other getUpdates request; make sure that only one bot instance is running
2026-08-03 22:13:36 | WARNING  | aiogram.dispatcher | Sleep for 5.016694 seconds and try again... (tryings = 76, bot id = 8839138509)
2026-08-03 22:13:37 | ERROR    | aiogram.dispatcher | Failed to fetch updates - TelegramConflictError: Telegram server says - Conflict: terminated by other getUpdates request; make sure that only one bot instance is running
2026-08-03 22:13:37 | WARNING  | aiogram.dispatcher | Sleep for 5.005457 seconds and try again... (tryings = 40, bot id = 8839138509)
2026-08-03 22:13:41 | ERROR    | aiogram.dispatcher | Failed to fetch updates - TelegramConflictError: Telegram server says - Conflict: terminated by other getUpdates request; make sure that only one bot instance is running
2026-08-03 22:13:41 | WARNING  | aiogram.dispatcher | Sleep for 4.930171 seconds and try again... (tryings = 62, bot id = 8839138509)
2026-08-03 22:13:41 | ERROR    | aiogram.dispatcher | Failed to fetch updates - TelegramConflictError: Telegram server says - Conflict: terminated by other getUpdates request; make sure that only one bot instance is running
2026-08-03 22:13:41 | WARNING  | aiogram.dispatcher | Sleep for 5.066249 seconds and try again... (tryings = 74, bot id = 8839138509)
2026-08-03 22:13:45 | ERROR    | aiogram.dispatcher | Failed to fetch updates - TelegramConflictError: Telegram server says - Conflict: terminated by other getUpdates request; make sure that only one bot instance is running
2026-08-03 22:13:45 | WARNING  | aiogram.dispatcher | Sleep for 5.050031 seconds and try again... (tryings = 77, bot id = 8839138509)
2026-08-03 22:13:46 | ERROR    | aiogram.dispatcher | Failed to fetch updates - TelegramConflictError: Telegram server says - Conflict: terminated by other getUpdates request; make sure that only one bot instance is running
2026-08-03 22:13:46 | WARNING  | aiogram.dispatcher | Sleep for 5.066664 seconds and try again... (tryings = 41, bot id = 8839138509)
2026-08-03 22:13:49 | ERROR    | aiogram.dispatcher | Failed to fetch updates - TelegramConflictError: Telegram server says - Conflict: terminated by other getUpdates request; make sure that only one bot instance is running
2026-08-03 22:13:49 | WARNING  | aiogram.dispatcher | Sleep for 5.144322 seconds and try again... (tryings = 63, bot id = 8839138509)
2026-08-03 22:13:50 | ERROR    | aiogram.dispatcher | Failed to fetch updates - TelegramConflictError: Telegram server says - Conflict: terminated by other getUpdates request; make sure that only one bot instance is running
2026-08-03 22:13:50 | WARNING  | aiogram.dispatcher | Sleep for 5.124938 seconds and try again... (tryings = 75, bot id = 8839138509)
2026-08-03 22:13:54 | ERROR    | aiogram.dispatcher | Failed to fetch updates - TelegramConflictError: Telegram server says - Conflict: terminated by other getUpdates request; make sure that only one bot instance is running
2026-08-03 22:13:54 | WARNING  | aiogram.dispatcher | Sleep for 4.820611 seconds and try again... (tryings = 78, bot id = 8839138509)
2026-08-03 22:13:54 | ERROR    | aiogram.dispatcher | Failed to fetch updates - TelegramConflictError: Telegram server says - Conflict: terminated by other getUpdates request; make sure that only one bot instance is running
2026-08-03 22:13:54 | WARNING  | aiogram.dispatcher | Sleep for 4.871706 seconds and try again... (tryings = 42, bot id = 8839138509)
2026-08-03 22:13:58 | ERROR    | aiogram.dispatcher | Failed to fetch updates - TelegramConflictError: Telegram server says - Conflict: terminated by other getUpdates request; make sure that only one bot instance is running
2026-08-03 22:13:58 | WARNING  | aiogram.dispatcher | Sleep for 5.048080 seconds and try again... (tryings = 64, bot id = 8839138509)
2026-08-03 22:13:59 | ERROR    | aiogram.dispatcher | Failed to fetch updates - TelegramConflictError: Telegram server says - Conflict: terminated by other getUpdates request; make sure that only one bot instance is running
2026-08-03 22:13:59 | WARNING  | aiogram.dispatcher | Sleep for 5.040345 seconds and try again... (tryings = 76, bot id = 8839138509)
2026-08-03 22:14:02 | ERROR    | aiogram.dispatcher | Failed to fetch updates - TelegramConflictError: Telegram server says - Conflict: terminated by other getUpdates request; make sure that only one bot instance is running
2026-08-03 22:14:02 | WARNING  | aiogram.dispatcher | Sleep for 4.922828 seconds and try again... (tryings = 79, bot id = 8839138509)
2026-08-03 22:14:04 | ERROR    | aiogram.dispatcher | Failed to fetch updates - TelegramConflictError: Telegram server says - Conflict: terminated by other getUpdates request; make sure that only one bot instance is running
2026-08-03 22:14:04 | WARNING  | aiogram.dispatcher | Sleep for 5.143763 seconds and try again... (tryings = 43, bot id = 8839138509)
2026-08-03 22:14:07 | ERROR    | aiogram.dispatcher | Failed to fetch updates - TelegramConflictError: Telegram server says - Conflict: terminated by other getUpdates request; make sure that only one bot instance is running
2026-08-03 22:14:07 | WARNING  | aiogram.dispatcher | Sleep for 4.999793 seconds and try again... (tryings = 65, bot id = 8839138509)
2026-08-03 22:14:07 | ERROR    | aiogram.dispatcher | Failed to fetch updates - TelegramConflictError: Telegram server says - Conflict: terminated by other getUpdates request; make sure that only one bot instance is running
2026-08-03 22:14:07 | WARNING  | aiogram.dispatcher | Sleep for 4.876518 seconds and try again... (tryings = 77, bot id = 8839138509)
2026-08-03 22:14:12 | ERROR    | aiogram.dispatcher | Failed to fetch updates - TelegramConflictError: Telegram server says - Conflict: terminated by other getUpdates request; make sure that only one bot instance is running
2026-08-03 22:14:12 | WARNING  | aiogram.dispatcher | Sleep for 4.875996 seconds and try again... (tryings = 80, bot id = 8839138509)
2026-08-03 22:14:12 | ERROR    | aiogram.dispatcher | Failed to fetch updates - TelegramConflictError: Telegram server says - Conflict: terminated by other getUpdates request; make sure that only one bot instance is running
2026-08-03 22:14:12 | WARNING  | aiogram.dispatcher | Sleep for 5.048331 seconds and try again... (tryings = 44, bot id = 8839138509)
2026-08-03 22:14:15 | ERROR    | aiogram.dispatcher | Failed to fetch updates - TelegramConflictError: Telegram server says - Conflict: terminated by other getUpdates request; make sure that only one bot instance is running
2026-08-03 22:14:15 | WARNING  | aiogram.dispatcher | Sleep for 5.004990 seconds and try again... (tryings = 66, bot id = 8839138509)
2026-08-03 22:14:17 | ERROR    | aiogram.dispatcher | Failed to fetch updates - TelegramConflictError: Telegram server says - Conflict: terminated by other getUpdates request; make sure that only one bot instance is running
2026-08-03 22:14:17 | WARNING  | aiogram.dispatcher | Sleep for 4.956259 seconds and try again... (tryings = 78, bot id = 8839138509)
2026-08-03 22:14:20 | ERROR    | aiogram.dispatcher | Failed to fetch updates - TelegramConflictError: Telegram server says - Conflict: terminated by other getUpdates request; make sure that only one bot instance is running
2026-08-03 22:14:20 | WARNING  | aiogram.dispatcher | Sleep for 5.220471 seconds and try again... (tryings = 81, bot id = 8839138509)
2026-08-03 22:14:20 | ERROR    | aiogram.dispatcher | Failed to fetch updates - TelegramConflictError: Telegram server says - Conflict: terminated by other getUpdates request; make sure that only one bot instance is running
2026-08-03 22:14:20 | WARNING  | aiogram.dispatcher | Sleep for 5.113957 seconds and try again... (tryings = 45, bot id = 8839138509)
2026-08-03 22:14:25 | ERROR    | aiogram.dispatcher | Failed to fetch updates - TelegramConflictError: Telegram server says - Conflict: terminated by other getUpdates request; make sure that only one bot instance is running
2026-08-03 22:14:25 | WARNING  | aiogram.dispatcher | Sleep for 5.074530 seconds and try again... (tryings = 67, bot id = 8839138509)
2026-08-03 22:14:25 | ERROR    | aiogram.dispatcher | Failed to fetch updates - TelegramConflictError: Telegram server says - Conflict: terminated by other getUpdates request; make sure that only one bot instance is running
2026-08-03 22:14:25 | WARNING  | aiogram.dispatcher | Sleep for 4.993945 seconds and try again... (tryings = 79, bot id = 8839138509)
2026-08-03 22:14:28 | ERROR    | aiogram.dispatcher | Failed to fetch updates - TelegramConflictError: Telegram server says - Conflict: terminated by other getUpdates request; make sure that only one bot instance is running
2026-08-03 22:14:28 | WARNING  | aiogram.dispatcher | Sleep for 5.069285 seconds and try again... (tryings = 46, bot id = 8839138509)
2026-08-03 22:14:30 | ERROR    | aiogram.dispatcher | Failed to fetch updates - TelegramConflictError: Telegram server says - Conflict: terminated by other getUpdates request; make sure that only one bot instance is running
2026-08-03 22:14:30 | WARNING  | aiogram.dispatcher | Sleep for 5.018180 seconds and try again... (tryings = 82, bot id = 8839138509)
2026-08-03 22:14:33 | ERROR    | aiogram.dispatcher | Failed to fetch updates - TelegramConflictError: Telegram server says - Conflict: terminated by other getUpdates request; make sure that only one bot instance is running
2026-08-03 22:14:33 | WARNING  | aiogram.dispatcher | Sleep for 4.861055 seconds and try again... (tryings = 68, bot id = 8839138509)
2026-08-03 22:14:34 | ERROR    | aiogram.dispatcher | Failed to fetch updates - TelegramConflictError: Telegram server says - Conflict: terminated by other getUpdates request; make sure that only one bot instance is running
2026-08-03 22:14:34 | WARNING  | aiogram.dispatcher | Sleep for 4.930177 seconds and try again... (tryings = 80, bot id = 8839138509)
2026-08-03 22:14:38 | ERROR    | aiogram.dispatcher | Failed to fetch updates - TelegramConflictError: Telegram server says - Conflict: terminated by other getUpdates request; make sure that only one bot instance is running
2026-08-03 22:14:38 | WARNING  | aiogram.dispatcher | Sleep for 4.899389 seconds and try again... (tryings = 47, bot id = 8839138509)
2026-08-03 22:14:38 | ERROR    | aiogram.dispatcher | Failed to fetch updates - TelegramConflictError: Telegram server says - Conflict: terminated by other getUpdates request; make sure that only one bot instance is running
2026-08-03 22:14:38 | WARNING  | aiogram.dispatcher | Sleep for 4.945431 seconds and try again... (tryings = 83, bot id = 8839138509)
2026-08-03 22:14:42 | ERROR    | aiogram.dispatcher | Failed to fetch updates - TelegramConflictError: Telegram server says - Conflict: terminated by other getUpdates request; make sure that only one bot instance is running
2026-08-03 22:14:42 | WARNING  | aiogram.dispatcher | Sleep for 5.033434 seconds and try again... (tryings = 69, bot id = 8839138509)
2026-08-03 22:14:43 | ERROR    | aiogram.dispatcher | Failed to fetch updates - TelegramConflictError: Telegram server says - Conflict: terminated by other getUpdates request; make sure that only one bot instance is running
2026-08-03 22:14:43 | WARNING  | aiogram.dispatcher | Sleep for 5.250882 seconds and try again... (tryings = 81, bot id = 8839138509)
2026-08-03 22:14:46 | ERROR    | aiogram.dispatcher | Failed to fetch updates - TelegramConflictError: Telegram server says - Conflict: terminated by other getUpdates request; make sure that only one bot instance is running
2026-08-03 22:14:46 | WARNING  | aiogram.dispatcher | Sleep for 5.124153 seconds and try again... (tryings = 48, bot id = 8839138509)
2026-08-03 22:14:47 | ERROR    | aiogram.dispatcher | Failed to fetch updates - TelegramConflictError: Telegram server says - Conflict: terminated by other getUpdates request; make sure that only one bot instance is running
2026-08-03 22:14:47 | WARNING  | aiogram.dispatcher | Sleep for 4.963432 seconds and try again... (tryings = 84, bot id = 8839138509)
2026-08-03 22:14:51 | ERROR    | aiogram.dispatcher | Failed to fetch updates - TelegramConflictError: Telegram server says - Conflict: terminated by other getUpdates request; make sure that only one bot instance is running
2026-08-03 22:14:51 | WARNING  | aiogram.dispatcher | Sleep for 5.065407 seconds and try again... (tryings = 70, bot id = 8839138509)
2026-08-03 22:14:52 | ERROR    | aiogram.dispatcher | Failed to fetch updates - TelegramConflictError: Telegram server says - Conflict: terminated by other getUpdates request; make sure that only one bot instance is running
2026-08-03 22:14:52 | WARNING  | aiogram.dispatcher | Sleep for 5.036210 seconds and try again... (tryings = 82, bot id = 8839138509)
2026-08-03 22:14:55 | ERROR    | aiogram.dispatcher | Failed to fetch updates - TelegramConflictError: Telegram server says - Conflict: terminated by other getUpdates request; make sure that only one bot instance is running
2026-08-03 22:14:55 | WARNING  | aiogram.dispatcher | Sleep for 4.867730 seconds and try again... (tryings = 49, bot id = 8839138509)
2026-08-03 22:14:56 | ERROR    | aiogram.dispatcher | Failed to fetch updates - TelegramConflictError: Telegram server says - Conflict: terminated by other getUpdates request; make sure that only one bot instance is running
2026-08-03 22:14:56 | WARNING  | aiogram.dispatcher | Sleep for 4.917087 seconds and try again... (tryings = 85, bot id = 8839138509)
2026-08-03 22:15:00 | ERROR    | aiogram.dispatcher | Failed to fetch updates - TelegramConflictError: Telegram server says - Conflict: terminated by other getUpdates request; make sure that only one bot instance is running
2026-08-03 22:15:00 | WARNING  | aiogram.dispatcher | Sleep for 5.174745 seconds and try again... (tryings = 83, bot id = 8839138509)
2026-08-03 22:15:00 | ERROR    | aiogram.dispatcher | Failed to fetch updates - TelegramConflictError: Telegram server says - Conflict: terminated by other getUpdates request; make sure that only one bot instance is running
2026-08-03 22:15:00 | WARNING  | aiogram.dispatcher | Sleep for 4.880189 seconds and try again... (tryings = 71, bot id = 8839138509)
2026-08-03 22:15:05 | ERROR    | aiogram.dispatcher | Failed to fetch updates - TelegramConflictError: Telegram server says - Conflict: terminated by other getUpdates request; make sure that only one bot instance is running
2026-08-03 22:15:05 | WARNING  | aiogram.dispatcher | Sleep for 4.837919 seconds and try again... (tryings = 50, bot id = 8839138509)
2026-08-03 22:15:05 | ERROR    | aiogram.dispatcher | Failed to fetch updates - TelegramConflictError: Telegram server says - Conflict: terminated by other getUpdates request; make sure that only one bot instance is running
2026-08-03 22:15:05 | WARNING  | aiogram.dispatcher | Sleep for 5.009219 seconds and try again... (tryings = 86, bot id = 8839138509)
2026-08-03 22:15:08 | ERROR    | aiogram.dispatcher | Failed to fetch updates - TelegramConflictError: Telegram server says - Conflict: terminated by other getUpdates request; make sure that only one bot instance is running
2026-08-03 22:15:08 | WARNING  | aiogram.dispatcher | Sleep for 5.022405 seconds and try again... (tryings = 72, bot id = 8839138509)
2026-08-03 22:15:09 | ERROR    | aiogram.dispatcher | Failed to fetch updates - TelegramConflictError: Telegram server says - Conflict: terminated by other getUpdates request; make sure that only one bot instance is running
2026-08-03 22:15:09 | WARNING  | aiogram.dispatcher | Sleep for 5.136545 seconds and try again... (tryings = 84, bot id = 8839138509)
2026-08-03 22:15:13 | ERROR    | aiogram.dispatcher | Failed to fetch updates - TelegramConflictError: Telegram server says - Conflict: terminated by other getUpdates request; make sure that only one bot instance is running
2026-08-03 22:15:13 | WARNING  | aiogram.dispatcher | Sleep for 5.152032 seconds and try again... (tryings = 51, bot id = 8839138509)
2026-08-03 22:15:13 | ERROR    | aiogram.dispatcher | Failed to fetch updates - TelegramConflictError: Telegram server says - Conflict: terminated by other getUpdates request; make sure that only one bot instance is running
2026-08-03 22:15:13 | WARNING  | aiogram.dispatcher | Sleep for 5.007742 seconds and try again... (tryings = 87, bot id = 8839138509)
2026-08-03 22:15:18 | ERROR    | aiogram.dispatcher | Failed to fetch updates - TelegramConflictError: Telegram server says - Conflict: terminated by other getUpdates request; make sure that only one bot instance is running
2026-08-03 22:15:18 | WARNING  | aiogram.dispatcher | Sleep for 4.971076 seconds and try again... (tryings = 73, bot id = 8839138509)
2026-08-03 22:15:18 | ERROR    | aiogram.dispatcher | Failed to fetch updates - TelegramConflictError: Telegram server says - Conflict: terminated by other getUpdates request; make sure that only one bot instance is running
2026-08-03 22:15:18 | WARNING  | aiogram.dispatcher | Sleep for 4.923581 seconds and try again... (tryings = 85, bot id = 8839138509)
2026-08-03 22:15:21 | ERROR    | aiogram.dispatcher | Failed to fetch updates - TelegramConflictError: Telegram server says - Conflict: terminated by other getUpdates request; make sure that only one bot instance is running
2026-08-03 22:15:21 | WARNING  | aiogram.dispatcher | Sleep for 5.168926 seconds and try again... (tryings = 52, bot id = 8839138509)
2026-08-03 22:15:23 | ERROR    | aiogram.dispatcher | Failed to fetch updates - TelegramConflictError: Telegram server says - Conflict: terminated by other getUpdates request; make sure that only one bot instance is running
2026-08-03 22:15:23 | WARNING  | aiogram.dispatcher | Sleep for 5.141084 seconds and try again... (tryings = 88, bot id = 8839138509)
2026-08-03 22:15:26 | ERROR    | aiogram.dispatcher | Failed to fetch updates - TelegramConflictError: Telegram server says - Conflict: terminated by other getUpdates request; make sure that only one bot instance is running
2026-08-03 22:15:26 | WARNING  | aiogram.dispatcher | Sleep for 4.796720 seconds and try again... (tryings = 74, bot id = 8839138509)
2026-08-03 22:15:26 | ERROR    | aiogram.dispatcher | Failed to fetch updates - TelegramConflictError: Telegram server says - Conflict: terminated by other getUpdates request; make sure that only one bot instance is running
2026-08-03 22:15:26 | WARNING  | aiogram.dispatcher | Sleep for 4.851463 seconds and try again... (tryings = 86, bot id = 8839138509)
2026-08-03 22:15:31 | ERROR    | aiogram.dispatcher | Failed to fetch updates - TelegramConflictError: Telegram server says - Conflict: terminated by other getUpdates request; make sure that only one bot instance is running
2026-08-03 22:15:31 | WARNING  | aiogram.dispatcher | Sleep for 5.096109 seconds and try again... (tryings = 89, bot id = 8839138509)
2026-08-03 22:15:31 | ERROR    | aiogram.dispatcher | Failed to fetch updates - TelegramConflictError: Telegram server says - Conflict: terminated by other getUpdates request; make sure that only one bot instance is running
2026-08-03 22:15:31 | WARNING  | aiogram.dispatcher | Sleep for 5.059818 seconds and try again... (tryings = 53, bot id = 8839138509)
2026-08-03 22:15:34 | ERROR    | aiogram.dispatcher | Failed to fetch updates - TelegramConflictError: Telegram server says - Conflict: terminated by other getUpdates request; make sure that only one bot instance is running
2026-08-03 22:15:34 | WARNING  | aiogram.dispatcher | Sleep for 5.084260 seconds and try again... (tryings = 75, bot id = 8839138509)
2026-08-03 22:15:36 | ERROR    | aiogram.dispatcher | Failed to fetch updates - TelegramConflictError: Telegram server says - Conflict: terminated by other getUpdates request; make sure that only one bot instance is running
2026-08-03 22:15:36 | WARNING  | aiogram.dispatcher | Sleep for 4.977271 seconds and try again... (tryings = 87, bot id = 8839138509)
2026-08-03 22:15:39 | ERROR    | aiogram.dispatcher | Failed to fetch updates - TelegramConflictError: Telegram server says - Conflict: terminated by other getUpdates request; make sure that only one bot instance is running
2026-08-03 22:15:39 | WARNING  | aiogram.dispatcher | Sleep for 4.951981 seconds and try again... (tryings = 54, bot id = 8839138509)
2026-08-03 22:15:40 | ERROR    | aiogram.dispatcher | Failed to fetch updates - TelegramConflictError: Telegram server says - Conflict: terminated by other getUpdates request; make sure that only one bot instance is running
2026-08-03 22:15:40 | WARNING  | aiogram.dispatcher | Sleep for 4.989265 seconds and try again... (tryings = 90, bot id = 8839138509)
2026-08-03 22:15:44 | ERROR    | aiogram.dispatcher | Failed to fetch updates - TelegramConflictError: Telegram server says - Conflict: terminated by other getUpdates request; make sure that only one bot instance is running
2026-08-03 22:15:44 | WARNING  | aiogram.dispatcher | Sleep for 4.973716 seconds and try again... (tryings = 76, bot id = 8839138509)
2026-08-03 22:15:44 | ERROR    | aiogram.dispatcher | Failed to fetch updates - TelegramConflictError: Telegram server says - Conflict: terminated by other getUpdates request; make sure that only one bot instance is running
2026-08-03 22:15:44 | WARNING  | aiogram.dispatcher | Sleep for 4.877474 seconds and try again... (tryings = 88, bot id = 8839138509)
2026-08-03 22:15:48 | ERROR    | aiogram.dispatcher | Failed to fetch updates - TelegramConflictError: Telegram server says - Conflict: terminated by other getUpdates request; make sure that only one bot instance is running
2026-08-03 22:15:48 | WARNING  | aiogram.dispatcher | Sleep for 5.060773 seconds and try again... (tryings = 55, bot id = 8839138509)
2026-08-03 22:15:49 | ERROR    | aiogram.dispatcher | Failed to fetch updates - TelegramConflictError: Telegram server says - Conflict: terminated by other getUpdates request; make sure that only one bot instance is running
2026-08-03 22:15:49 | WARNING  | aiogram.dispatcher | Sleep for 5.159428 seconds and try again... (tryings = 91, bot id = 8839138509)
2026-08-03 22:15:52 | ERROR    | aiogram.dispatcher | Failed to fetch updates - TelegramConflictError: Telegram server says - Conflict: terminated by other getUpdates request; make sure that only one bot instance is running
2026-08-03 22:15:52 | WARNING  | aiogram.dispatcher | Sleep for 4.962167 seconds and try again... (tryings = 89, bot id = 8839138509)
2026-08-03 22:15:53 | ERROR    | aiogram.dispatcher | Failed to fetch updates - TelegramConflictError: Telegram server says - Conflict: terminated by other getUpdates request; make sure that only one bot instance is running
2026-08-03 22:15:53 | WARNING  | aiogram.dispatcher | Sleep for 5.074769 seconds and try again... (tryings = 77, bot id = 8839138509)
2026-08-03 22:15:57 | ERROR    | aiogram.dispatcher | Failed to fetch updates - TelegramConflictError: Telegram server says - Conflict: terminated by other getUpdates request; make sure that only one bot instance is running
2026-08-03 22:15:57 | WARNING  | aiogram.dispatcher | Sleep for 4.861080 seconds and try again... (tryings = 92, bot id = 8839138509)
2026-08-03 22:15:57 | ERROR    | aiogram.dispatcher | Failed to fetch updates - TelegramConflictError: Telegram server says - Conflict: terminated by other getUpdates request; make sure that only one bot instance is running
2026-08-03 22:15:57 | WARNING  | aiogram.dispatcher | Sleep for 5.057624 seconds and try again... (tryings = 56, bot id = 8839138509)
2026-08-03 22:16:01 | ERROR    | aiogram.dispatcher | Failed to fetch updates - TelegramConflictError: Telegram server says - Conflict: terminated by other getUpdates request; make sure that only one bot instance is running
2026-08-03 22:16:01 | WARNING  | aiogram.dispatcher | Sleep for 5.063823 seconds and try again... (tryings = 90, bot id = 8839138509)
2026-08-03 22:16:02 | ERROR    | aiogram.dispatcher | Failed to fetch updates - TelegramConflictError: Telegram server says - Conflict: terminated by other getUpdates request; make sure that only one bot instance is running
2026-08-03 22:16:02 | WARNING  | aiogram.dispatcher | Sleep for 4.958235 seconds and try again... (tryings = 78, bot id = 8839138509)
2026-08-03 22:16:05 | ERROR    | aiogram.dispatcher | Failed to fetch updates - TelegramConflictError: Telegram server says - Conflict: terminated by other getUpdates request; make sure that only one bot instance is running
2026-08-03 22:16:05 | WARNING  | aiogram.dispatcher | Sleep for 5.001811 seconds and try again... (tryings = 93, bot id = 8839138509)
2026-08-03 22:16:06 | ERROR    | aiogram.dispatcher | Failed to fetch updates - TelegramConflictError: Telegram server says - Conflict: terminated by other getUpdates request; make sure that only one bot instance is running
2026-08-03 22:16:06 | WARNING  | aiogram.dispatcher | Sleep for 5.014022 seconds and try again... (tryings = 57, bot id = 8839138509)
2026-08-03 22:16:10 | ERROR    | aiogram.dispatcher | Failed to fetch updates - TelegramConflictError: Telegram server says - Conflict: terminated by other getUpdates request; make sure that only one bot instance is running
2026-08-03 22:16:10 | WARNING  | aiogram.dispatcher | Sleep for 4.972219 seconds and try again... (tryings = 91, bot id = 8839138509)
2026-08-03 22:16:11 | ERROR    | aiogram.dispatcher | Failed to fetch updates - TelegramConflictError: Telegram server says - Conflict: terminated by other getUpdates request; make sure that only one bot instance is running
2026-08-03 22:16:11 | WARNING  | aiogram.dispatcher | Sleep for 5.108913 seconds and try again... (tryings = 79, bot id = 8839138509)
2026-08-03 22:16:14 | ERROR    | aiogram.dispatcher | Failed to fetch updates - TelegramConflictError: Telegram server says - Conflict: terminated by other getUpdates request; make sure that only one bot instance is running
2026-08-03 22:16:14 | WARNING  | aiogram.dispatcher | Sleep for 5.117742 seconds and try again... (tryings = 94, bot id = 8839138509)
2026-08-03 22:16:15 | ERROR    | aiogram.dispatcher | Failed to fetch updates - TelegramConflictError: Telegram server says - Conflict: terminated by other getUpdates request; make sure that only one bot instance is running
2026-08-03 22:16:15 | WARNING  | aiogram.dispatcher | Sleep for 4.969841 seconds and try again... (tryings = 58, bot id = 8839138509)
2026-08-03 22:16:19 | ERROR    | aiogram.dispatcher | Failed to fetch updates - TelegramConflictError: Telegram server says - Conflict: terminated by other getUpdates request; make sure that only one bot instance is running
2026-08-03 22:16:19 | WARNING  | aiogram.dispatcher | Sleep for 4.895695 seconds and try again... (tryings = 92, bot id = 8839138509)
2026-08-03 22:16:19 | ERROR    | aiogram.dispatcher | Failed to fetch updates - TelegramConflictError: Telegram server says - Conflict: terminated by other getUpdates request; make sure that only one bot instance is running
2026-08-03 22:16:19 | WARNING  | aiogram.dispatcher | Sleep for 4.944258 seconds and try again... (tryings = 80, bot id = 8839138509)
2026-08-03 22:16:23 | ERROR    | aiogram.dispatcher | Failed to fetch updates - TelegramConflictError: Telegram server says - Conflict: terminated by other getUpdates request; make sure that only one bot instance is running
2026-08-03 22:16:23 | WARNING  | aiogram.dispatcher | Sleep for 4.997232 seconds and try again... (tryings = 95, bot id = 8839138509)
2026-08-03 22:16:24 | ERROR    | aiogram.dispatcher | Failed to fetch updates - TelegramConflictError: Telegram server says - Conflict: terminated by other getUpdates request; make sure that only one bot instance is running
2026-08-03 22:16:24 | WARNING  | aiogram.dispatcher | Sleep for 5.079382 seconds and try again... (tryings = 59, bot id = 8839138509)
2026-08-03 22:16:27 | ERROR    | aiogram.dispatcher | Failed to fetch updates - TelegramConflictError: Telegram server says - Conflict: terminated by other getUpdates request; make sure that only one bot instance is running
2026-08-03 22:16:27 | WARNING  | aiogram.dispatcher | Sleep for 4.832607 seconds and try again... (tryings = 93, bot id = 8839138509)
2026-08-03 22:16:28 | ERROR    | aiogram.dispatcher | Failed to fetch updates - TelegramConflictError: Telegram server says - Conflict: terminated by other getUpdates request; make sure that only one bot instance is running
2026-08-03 22:16:28 | WARNING  | aiogram.dispatcher | Sleep for 5.121334 seconds and try again... (tryings = 81, bot id = 8839138509)
2026-08-03 22:16:32 | ERROR    | aiogram.dispatcher | Failed to fetch updates - TelegramConflictError: Telegram server says - Conflict: terminated by other getUpdates request; make sure that only one bot instance is running
2026-08-03 22:16:32 | WARNING  | aiogram.dispatcher | Sleep for 4.825659 seconds and try again... (tryings = 96, bot id = 8839138509)
2026-08-03 22:16:32 | ERROR    | aiogram.dispatcher | Failed to fetch updates - TelegramConflictError: Telegram server says - Conflict: terminated by other getUpdates request; make sure that only one bot instance is running
2026-08-03 22:16:32 | WARNING  | aiogram.dispatcher | Sleep for 5.184488 seconds and try again... (tryings = 60, bot id = 8839138509)
2026-08-03 22:16:37 | ERROR    | aiogram.dispatcher | Failed to fetch updates - TelegramConflictError: Telegram server says - Conflict: terminated by other getUpdates request; make sure that only one bot instance is running
2026-08-03 22:16:37 | WARNING  | aiogram.dispatcher | Sleep for 4.884637 seconds and try again... (tryings = 94, bot id = 8839138509)
2026-08-03 22:16:37 | ERROR    | aiogram.dispatcher | Failed to fetch updates - TelegramConflictError: Telegram server says - Conflict: terminated by other getUpdates request; make sure that only one bot instance is running
2026-08-03 22:16:37 | WARNING  | aiogram.dispatcher | Sleep for 5.118577 seconds and try again... (tryings = 82, bot id = 8839138509)
2026-08-03 22:16:41 | ERROR    | aiogram.dispatcher | Failed to fetch updates - TelegramConflictError: Telegram server says - Conflict: terminated by other getUpdates request; make sure that only one bot instance is running
2026-08-03 22:16:41 | WARNING  | aiogram.dispatcher | Sleep for 4.943157 seconds and try again... (tryings = 97, bot id = 8839138509)
2026-08-03 22:16:42 | ERROR    | aiogram.dispatcher | Failed to fetch updates - TelegramConflictError: Telegram server says - Conflict: terminated by other getUpdates request; make sure that only one bot instance is running
2026-08-03 22:16:42 | WARNING  | aiogram.dispatcher | Sleep for 4.962092 seconds and try again... (tryings = 61, bot id = 8839138509)
2026-08-03 22:16:45 | ERROR    | aiogram.dispatcher | Failed to fetch updates - TelegramConflictError: Telegram server says - Conflict: terminated by other getUpdates request; make sure that only one bot instance is running
2026-08-03 22:16:45 | WARNING  | aiogram.dispatcher | Sleep for 4.950967 seconds and try again... (tryings = 95, bot id = 8839138509)
2026-08-03 22:16:46 | ERROR    | aiogram.dispatcher | Failed to fetch updates - TelegramConflictError: Telegram server says - Conflict: terminated by other getUpdates request; make sure that only one bot instance is running
2026-08-03 22:16:46 | WARNING  | aiogram.dispatcher | Sleep for 5.016234 seconds and try again... (tryings = 83, bot id = 8839138509)
2026-08-03 22:16:50 | ERROR    | aiogram.dispatcher | Failed to fetch updates - TelegramConflictError: Telegram server says - Conflict: terminated by other getUpdates request; make sure that only one bot instance is running
2026-08-03 22:16:50 | WARNING  | aiogram.dispatcher | Sleep for 5.009981 seconds and try again... (tryings = 98, bot id = 8839138509)
2026-08-03 22:16:50 | ERROR    | aiogram.dispatcher | Failed to fetch updates - TelegramConflictError: Telegram server says - Conflict: terminated by other getUpdates request; make sure that only one bot instance is running
2026-08-03 22:16:50 | WARNING  | aiogram.dispatcher | Sleep for 4.940929 seconds and try again... (tryings = 62, bot id = 8839138509)
2026-08-03 22:16:54 | ERROR    | aiogram.dispatcher | Failed to fetch updates - TelegramConflictError: Telegram server says - Conflict: terminated by other getUpdates request; make sure that only one bot instance is running
2026-08-03 22:16:54 | WARNING  | aiogram.dispatcher | Sleep for 5.176698 seconds and try again... (tryings = 96, bot id = 8839138509)
2026-08-03 22:16:55 | ERROR    | aiogram.dispatcher | Failed to fetch updates - TelegramConflictError: Telegram server says - Conflict: terminated by other getUpdates request; make sure that only one bot instance is running
2026-08-03 22:16:55 | WARNING  | aiogram.dispatcher | Sleep for 4.967309 seconds and try again... (tryings = 84, bot id = 8839138509)
2026-08-03 22:16:58 | ERROR    | aiogram.dispatcher | Failed to fetch updates - TelegramConflictError: Telegram server says - Conflict: terminated by other getUpdates request; make sure that only one bot instance is running
2026-08-03 22:16:58 | WARNING  | aiogram.dispatcher | Sleep for 4.909151 seconds and try again... (tryings = 99, bot id = 8839138509)
2026-08-03 22:16:59 | ERROR    | aiogram.dispatcher | Failed to fetch updates - TelegramConflictError: Telegram server says - Conflict: terminated by other getUpdates request; make sure that only one bot instance is running
2026-08-03 22:16:59 | WARNING  | aiogram.dispatcher | Sleep for 5.058913 seconds and try again... (tryings = 63, bot id = 8839138509)
2026-08-03 22:17:03 | ERROR    | aiogram.dispatcher | Failed to fetch updates - TelegramConflictError: Telegram server says - Conflict: terminated by other getUpdates request; make sure that only one bot instance is running
2026-08-03 22:17:03 | WARNING  | aiogram.dispatcher | Sleep for 5.027559 seconds and try again... (tryings = 97, bot id = 8839138509)
2026-08-03 22:17:03 | ERROR    | aiogram.dispatcher | Failed to fetch updates - TelegramConflictError: Telegram server says - Conflict: terminated by other getUpdates request; make sure that only one bot instance is running
2026-08-03 22:17:03 | WARNING  | aiogram.dispatcher | Sleep for 4.901087 seconds and try again... (tryings = 85, bot id = 8839138509)
2026-08-03 22:17:07 | ERROR    | aiogram.dispatcher | Failed to fetch updates - TelegramConflictError: Telegram server says - Conflict: terminated by other getUpdates request; make sure that only one bot instance is running
2026-08-03 22:17:07 | WARNING  | aiogram.dispatcher | Sleep for 5.002147 seconds and try again... (tryings = 100, bot id = 8839138509)
2026-08-03 22:17:08 | ERROR    | aiogram.dispatcher | Failed to fetch updates - TelegramConflictError: Telegram server says - Conflict: terminated by other getUpdates request; make sure that only one bot instance is running
2026-08-03 22:17:08 | WARNING  | aiogram.dispatcher | Sleep for 5.149593 seconds and try again... (tryings = 64, bot id = 8839138509)
2026-08-03 22:17:11 | ERROR    | aiogram.dispatcher | Failed to fetch updates - TelegramConflictError: Telegram server says - Conflict: terminated by other getUpdates request; make sure that only one bot instance is running
2026-08-03 22:17:11 | WARNING  | aiogram.dispatcher | Sleep for 4.889121 seconds and try again... (tryings = 98, bot id = 8839138509)
2026-08-03 22:17:12 | ERROR    | aiogram.dispatcher | Failed to fetch updates - TelegramConflictError: Telegram server says - Conflict: terminated by other getUpdates request; make sure that only one bot instance is running
2026-08-03 22:17:12 | WARNING  | aiogram.dispatcher | Sleep for 5.090671 seconds and try again... (tryings = 86, bot id = 8839138509)
2026-08-03 22:17:16 | ERROR    | aiogram.dispatcher | Failed to fetch updates - TelegramConflictError: Telegram server says - Conflict: terminated by other getUpdates request; make sure that only one bot instance is running
2026-08-03 22:17:16 | WARNING  | aiogram.dispatcher | Sleep for 5.113923 seconds and try again... (tryings = 65, bot id = 8839138509)
2026-08-03 22:17:16 | ERROR    | aiogram.dispatcher | Failed to fetch updates - TelegramConflictError: Telegram server says - Conflict: terminated by other getUpdates request; make sure that only one bot instance is running
2026-08-03 22:17:16 | WARNING  | aiogram.dispatcher | Sleep for 5.133524 seconds and try again... (tryings = 101, bot id = 8839138509)
2026-08-03 22:17:20 | ERROR    | aiogram.dispatcher | Failed to fetch updates - TelegramConflictError: Telegram server says - Conflict: terminated by other getUpdates request; make sure that only one bot instance is running
2026-08-03 22:17:20 | WARNING  | aiogram.dispatcher | Sleep for 5.020687 seconds and try again... (tryings = 99, bot id = 8839138509)
2026-08-03 22:17:21 | ERROR    | aiogram.dispatcher | Failed to fetch updates - TelegramConflictError: Telegram server says - Conflict: terminated by other getUpdates request; make sure that only one bot instance is running
2026-08-03 22:17:21 | WARNING  | aiogram.dispatcher | Sleep for 4.955588 seconds and try again... (tryings = 87, bot id = 8839138509)
2026-08-03 22:17:24 | ERROR    | aiogram.dispatcher | Failed to fetch updates - TelegramConflictError: Telegram server says - Conflict: terminated by other getUpdates request; make sure that only one bot instance is running
2026-08-03 22:17:24 | WARNING  | aiogram.dispatcher | Sleep for 5.021746 seconds and try again... (tryings = 66, bot id = 8839138509)
2026-08-03 22:17:26 | ERROR    | aiogram.dispatcher | Failed to fetch updates - TelegramConflictError: Telegram server says - Conflict: terminated by other getUpdates request; make sure that only one bot instance is running
2026-08-03 22:17:26 | WARNING  | aiogram.dispatcher | Sleep for 4.903201 seconds and try again... (tryings = 102, bot id = 8839138509)
2026-08-03 22:17:29 | ERROR    | aiogram.dispatcher | Failed to fetch updates - TelegramConflictError: Telegram server says - Conflict: terminated by other getUpdates request; make sure that only one bot instance is running
2026-08-03 22:17:29 | WARNING  | aiogram.dispatcher | Sleep for 4.970864 seconds and try again... (tryings = 100, bot id = 8839138509)
2026-08-03 22:17:29 | ERROR    | aiogram.dispatcher | Failed to fetch updates - TelegramConflictError: Telegram server says - Conflict: terminated by other getUpdates request; make sure that only one bot instance is running
2026-08-03 22:17:29 | WARNING  | aiogram.dispatcher | Sleep for 4.981287 seconds and try again... (tryings = 88, bot id = 8839138509)
2026-08-03 22:17:34 | ERROR    | aiogram.dispatcher | Failed to fetch updates - TelegramConflictError: Telegram server says - Conflict: terminated by other getUpdates request; make sure that only one bot instance is running
2026-08-03 22:17:34 | WARNING  | aiogram.dispatcher | Sleep for 4.884908 seconds and try again... (tryings = 67, bot id = 8839138509)
2026-08-03 22:17:34 | ERROR    | aiogram.dispatcher | Failed to fetch updates - TelegramConflictError: Telegram server says - Conflict: terminated by other getUpdates request; make sure that only one bot instance is running
2026-08-03 22:17:34 | WARNING  | aiogram.dispatcher | Sleep for 4.849294 seconds and try again... (tryings = 103, bot id = 8839138509)
2026-08-03 22:17:38 | ERROR    | aiogram.dispatcher | Failed to fetch updates - TelegramConflictError: Telegram server says - Conflict: terminated by other getUpdates request; make sure that only one bot instance is running
2026-08-03 22:17:38 | WARNING  | aiogram.dispatcher | Sleep for 4.834651 seconds and try again... (tryings = 101, bot id = 8839138509)
2026-08-03 22:17:38 | ERROR    | aiogram.dispatcher | Failed to fetch updates - TelegramConflictError: Telegram server says - Conflict: terminated by other getUpdates request; make sure that only one bot instance is running
2026-08-03 22:17:38 | WARNING  | aiogram.dispatcher | Sleep for 4.824132 seconds and try again... (tryings = 89, bot id = 8839138509)
2026-08-03 22:17:42 | ERROR    | aiogram.dispatcher | Failed to fetch updates - TelegramConflictError: Telegram server says - Conflict: terminated by other getUpdates request; make sure that only one bot instance is running
2026-08-03 22:17:42 | WARNING  | aiogram.dispatcher | Sleep for 5.106094 seconds and try again... (tryings = 68, bot id = 8839138509)
2026-08-03 22:17:42 | ERROR    | aiogram.dispatcher | Failed to fetch updates - TelegramConflictError: Telegram server says - Conflict: terminated by other getUpdates request; make sure that only one bot instance is running
2026-08-03 22:17:42 | WARNING  | aiogram.dispatcher | Sleep for 4.922735 seconds and try again... (tryings = 104, bot id = 8839138509)
2026-08-03 22:17:46 | ERROR    | aiogram.dispatcher | Failed to fetch updates - TelegramConflictError: Telegram server says - Conflict: terminated by other getUpdates request; make sure that only one bot instance is running
2026-08-03 22:17:46 | WARNING  | aiogram.dispatcher | Sleep for 4.912364 seconds and try again... (tryings = 102, bot id = 8839138509)
2026-08-03 22:17:47 | ERROR    | aiogram.dispatcher | Failed to fetch updates - TelegramConflictError: Telegram server says - Conflict: terminated by other getUpdates request; make sure that only one bot instance is running
2026-08-03 22:17:47 | WARNING  | aiogram.dispatcher | Sleep for 5.105193 seconds and try again... (tryings = 90, bot id = 8839138509)
2026-08-03 22:17:50 | ERROR    | aiogram.dispatcher | Failed to fetch updates - TelegramConflictError: Telegram server says - Conflict: terminated by other getUpdates request; make sure that only one bot instance is running
2026-08-03 22:17:50 | WARNING  | aiogram.dispatcher | Sleep for 4.962059 seconds and try again... (tryings = 69, bot id = 8839138509)
2026-08-03 22:17:51 | ERROR    | aiogram.dispatcher | Failed to fetch updates - TelegramConflictError: Telegram server says - Conflict: terminated by other getUpdates request; make sure that only one bot instance is running
2026-08-03 22:17:51 | WARNING  | aiogram.dispatcher | Sleep for 5.044379 seconds and try again... (tryings = 105, bot id = 8839138509)
2026-08-03 22:17:55 | ERROR    | aiogram.dispatcher | Failed to fetch updates - TelegramConflictError: Telegram server says - Conflict: terminated by other getUpdates request; make sure that only one bot instance is running
2026-08-03 22:17:55 | WARNING  | aiogram.dispatcher | Sleep for 5.010828 seconds and try again... (tryings = 91, bot id = 8839138509)
2026-08-03 22:17:56 | ERROR    | aiogram.dispatcher | Failed to fetch updates - TelegramConflictError: Telegram server says - Conflict: terminated by other getUpdates request; make sure that only one bot instance is running
2026-08-03 22:17:56 | WARNING  | aiogram.dispatcher | Sleep for 4.931952 seconds and try again... (tryings = 103, bot id = 8839138509)
2026-08-03 22:18:00 | ERROR    | aiogram.dispatcher | Failed to fetch updates - TelegramConflictError: Telegram server says - Conflict: terminated by other getUpdates request; make sure that only one bot instance is running
2026-08-03 22:18:00 | WARNING  | aiogram.dispatcher | Sleep for 4.947476 seconds and try again... (tryings = 70, bot id = 8839138509)
2026-08-03 22:18:01 | ERROR    | aiogram.dispatcher | Failed to fetch updates - TelegramConflictError: Telegram server says - Conflict: terminated by other getUpdates request; make sure that only one bot instance is running
2026-08-03 22:18:01 | WARNING  | aiogram.dispatcher | Sleep for 5.004967 seconds and try again... (tryings = 106, bot id = 8839138509)
2026-08-03 22:18:04 | ERROR    | aiogram.dispatcher | Failed to fetch updates - TelegramConflictError: Telegram server says - Conflict: terminated by other getUpdates request; make sure that only one bot instance is running
2026-08-03 22:18:04 | WARNING  | aiogram.dispatcher | Sleep for 5.089764 seconds and try again... (tryings = 92, bot id = 8839138509)
2026-08-03 22:18:05 | ERROR    | aiogram.dispatcher | Failed to fetch updates - TelegramConflictError: Telegram server says - Conflict: terminated by other getUpdates request; make sure that only one bot instance is running
2026-08-03 22:18:05 | WARNING  | aiogram.dispatcher | Sleep for 4.839607 seconds and try again... (tryings = 104, bot id = 8839138509)
2026-08-03 22:18:09 | ERROR    | aiogram.dispatcher | Failed to fetch updates - TelegramConflictError: Telegram server says - Conflict: terminated by other getUpdates request; make sure that only one bot instance is running
2026-08-03 22:18:09 | WARNING  | aiogram.dispatcher | Sleep for 4.991930 seconds and try again... (tryings = 71, bot id = 8839138509)
2026-08-03 22:18:09 | ERROR    | aiogram.dispatcher | Failed to fetch updates - TelegramConflictError: Telegram server says - Conflict: terminated by other getUpdates request; make sure that only one bot instance is running
2026-08-03 22:18:09 | WARNING  | aiogram.dispatcher | Sleep for 5.080564 seconds and try again... (tryings = 107, bot id = 8839138509)
2026-08-03 22:18:12 | ERROR    | aiogram.dispatcher | Failed to fetch updates - TelegramConflictError: Telegram server says - Conflict: terminated by other getUpdates request; make sure that only one bot instance is running
2026-08-03 22:18:12 | WARNING  | aiogram.dispatcher | Sleep for 4.903952 seconds and try again... (tryings = 93, bot id = 8839138509)
2026-08-03 22:18:14 | ERROR    | aiogram.dispatcher | Failed to fetch updates - TelegramConflictError: Telegram server says - Conflict: terminated by other getUpdates request; make sure that only one bot instance is running
2026-08-03 22:18:14 | WARNING  | aiogram.dispatcher | Sleep for 4.910919 seconds and try again... (tryings = 105, bot id = 8839138509)
2026-08-03 22:18:17 | ERROR    | aiogram.dispatcher | Failed to fetch updates - TelegramConflictError: Telegram server says - Conflict: terminated by other getUpdates request; make sure that only one bot instance is running
2026-08-03 22:18:17 | WARNING  | aiogram.dispatcher | Sleep for 4.938612 seconds and try again... (tryings = 72, bot id = 8839138509)
2026-08-03 22:18:17 | ERROR    | aiogram.dispatcher | Failed to fetch updates - TelegramConflictError: Telegram server says - Conflict: terminated by other getUpdates request; make sure that only one bot instance is running
2026-08-03 22:18:17 | WARNING  | aiogram.dispatcher | Sleep for 5.184476 seconds and try again... (tryings = 108, bot id = 8839138509)
2026-08-03 22:18:22 | ERROR    | aiogram.dispatcher | Failed to fetch updates - TelegramConflictError: Telegram server says - Conflict: terminated by other getUpdates request; make sure that only one bot instance is running
2026-08-03 22:18:22 | WARNING  | aiogram.dispatcher | Sleep for 5.010029 seconds and try again... (tryings = 94, bot id = 8839138509)
2026-08-03 22:18:22 | ERROR    | aiogram.dispatcher | Failed to fetch updates - TelegramConflictError: Telegram server says - Conflict: terminated by other getUpdates request; make sure that only one bot instance is running
2026-08-03 22:18:22 | WARNING  | aiogram.dispatcher | Sleep for 4.824691 seconds and try again... (tryings = 106, bot id = 8839138509)
2026-08-03 22:18:26 | ERROR    | aiogram.dispatcher | Failed to fetch updates - TelegramConflictError: Telegram server says - Conflict: terminated by other getUpdates request; make sure that only one bot instance is running
2026-08-03 22:18:26 | WARNING  | aiogram.dispatcher | Sleep for 5.240060 seconds and try again... (tryings = 73, bot id = 8839138509)
2026-08-03 22:18:27 | ERROR    | aiogram.dispatcher | Failed to fetch updates - TelegramConflictError: Telegram server says - Conflict: terminated by other getUpdates request; make sure that only one bot instance is running
2026-08-03 22:18:27 | WARNING  | aiogram.dispatcher | Sleep for 4.884105 seconds and try again... (tryings = 109, bot id = 8839138509)
2026-08-03 22:18:30 | ERROR    | aiogram.dispatcher | Failed to fetch updates - TelegramConflictError: Telegram server says - Conflict: terminated by other getUpdates request; make sure that only one bot instance is running
2026-08-03 22:18:30 | WARNING  | aiogram.dispatcher | Sleep for 4.912887 seconds and try again... (tryings = 95, bot id = 8839138509)
2026-08-03 22:18:31 | ERROR    | aiogram.dispatcher | Failed to fetch updates - TelegramConflictError: Telegram server says - Conflict: terminated by other getUpdates request; make sure that only one bot instance is running
2026-08-03 22:18:31 | WARNING  | aiogram.dispatcher | Sleep for 4.956412 seconds and try again... (tryings = 107, bot id = 8839138509)
2026-08-03 22:18:35 | ERROR    | aiogram.dispatcher | Failed to fetch updates - TelegramConflictError: Telegram server says - Conflict: terminated by other getUpdates request; make sure that only one bot instance is running
2026-08-03 22:18:35 | WARNING  | aiogram.dispatcher | Sleep for 5.208946 seconds and try again... (tryings = 74, bot id = 8839138509)
2026-08-03 22:18:35 | ERROR    | aiogram.dispatcher | Failed to fetch updates - TelegramConflictError: Telegram server says - Conflict: terminated by other getUpdates request; make sure that only one bot instance is running
2026-08-03 22:18:35 | WARNING  | aiogram.dispatcher | Sleep for 4.990454 seconds and try again... (tryings = 110, bot id = 8839138509)
2026-08-03 22:18:39 | ERROR    | aiogram.dispatcher | Failed to fetch updates - TelegramConflictError: Telegram server says - Conflict: terminated by other getUpdates request; make sure that only one bot instance is running
2026-08-03 22:18:39 | WARNING  | aiogram.dispatcher | Sleep for 5.167099 seconds and try again... (tryings = 96, bot id = 8839138509)
2026-08-03 22:18:40 | ERROR    | aiogram.dispatcher | Failed to fetch updates - TelegramConflictError: Telegram server says - Conflict: terminated by other getUpdates request; make sure that only one bot instance is running
2026-08-03 22:18:40 | WARNING  | aiogram.dispatcher | Sleep for 4.885995 seconds and try again... (tryings = 108, bot id = 8839138509)
2026-08-03 22:18:43 | ERROR    | aiogram.dispatcher | Failed to fetch updates - TelegramConflictError: Telegram server says - Conflict: terminated by other getUpdates request; make sure that only one bot instance is running
2026-08-03 22:18:43 | WARNING  | aiogram.dispatcher | Sleep for 5.010815 seconds and try again... (tryings = 111, bot id = 8839138509)
2026-08-03 22:18:44 | ERROR    | aiogram.dispatcher | Failed to fetch updates - TelegramConflictError: Telegram server says - Conflict: terminated by other getUpdates request; make sure that only one bot instance is running
2026-08-03 22:18:44 | WARNING  | aiogram.dispatcher | Sleep for 5.058274 seconds and try again... (tryings = 75, bot id = 8839138509)
2026-08-03 22:18:48 | ERROR    | aiogram.dispatcher | Failed to fetch updates - TelegramConflictError: Telegram server says - Conflict: terminated by other getUpdates request; make sure that only one bot instance is running
2026-08-03 22:18:48 | WARNING  | aiogram.dispatcher | Sleep for 5.039482 seconds and try again... (tryings = 97, bot id = 8839138509)
2026-08-03 22:18:48 | ERROR    | aiogram.dispatcher | Failed to fetch updates - TelegramConflictError: Telegram server says - Conflict: terminated by other getUpdates request; make sure that only one bot instance is running
2026-08-03 22:18:48 | WARNING  | aiogram.dispatcher | Sleep for 4.911751 seconds and try again... (tryings = 109, bot id = 8839138509)
2026-08-03 22:18:52 | ERROR    | aiogram.dispatcher | Failed to fetch updates - TelegramConflictError: Telegram server says - Conflict: terminated by other getUpdates request; make sure that only one bot instance is running
2026-08-03 22:18:52 | WARNING  | aiogram.dispatcher | Sleep for 4.896709 seconds and try again... (tryings = 112, bot id = 8839138509)
2026-08-03 22:18:53 | ERROR    | aiogram.dispatcher | Failed to fetch updates - TelegramConflictError: Telegram server says - Conflict: terminated by other getUpdates request; make sure that only one bot instance is running
2026-08-03 22:18:53 | WARNING  | aiogram.dispatcher | Sleep for 5.090716 seconds and try again... (tryings = 76, bot id = 8839138509)
2026-08-03 22:18:56 | ERROR    | aiogram.dispatcher | Failed to fetch updates - TelegramConflictError: Telegram server says - Conflict: terminated by other getUpdates request; make sure that only one bot instance is running
2026-08-03 22:18:56 | WARNING  | aiogram.dispatcher | Sleep for 4.941986 seconds and try again... (tryings = 98, bot id = 8839138509)
2026-08-03 22:18:57 | ERROR    | aiogram.dispatcher | Failed to fetch updates - TelegramConflictError: Telegram server says - Conflict: terminated by other getUpdates request; make sure that only one bot instance is running
2026-08-03 22:18:57 | WARNING  | aiogram.dispatcher | Sleep for 4.948135 seconds and try again... (tryings = 110, bot id = 8839138509)
2026-08-03 22:19:01 | ERROR    | aiogram.dispatcher | Failed to fetch updates - TelegramConflictError: Telegram server says - Conflict: terminated by other getUpdates request; make sure that only one bot instance is running
2026-08-03 22:19:01 | WARNING  | aiogram.dispatcher | Sleep for 4.893826 seconds and try again... (tryings = 113, bot id = 8839138509)
2026-08-03 22:19:01 | ERROR    | aiogram.dispatcher | Failed to fetch updates - TelegramConflictError: Telegram server says - Conflict: terminated by other getUpdates request; make sure that only one bot instance is running
2026-08-03 22:19:01 | WARNING  | aiogram.dispatcher | Sleep for 4.987313 seconds and try again... (tryings = 77, bot id = 8839138509)
2026-08-03 22:19:05 | ERROR    | aiogram.dispatcher | Failed to fetch updates - TelegramConflictError: Telegram server says - Conflict: terminated by other getUpdates request; make sure that only one bot instance is running
2026-08-03 22:19:05 | WARNING  | aiogram.dispatcher | Sleep for 5.001306 seconds and try again... (tryings = 99, bot id = 8839138509)
2026-08-03 22:19:06 | ERROR    | aiogram.dispatcher | Failed to fetch updates - TelegramConflictError: Telegram server says - Conflict: terminated by other getUpdates request; make sure that only one bot instance is running
2026-08-03 22:19:06 | WARNING  | aiogram.dispatcher | Sleep for 5.226825 seconds and try again... (tryings = 111, bot id = 8839138509)
2026-08-03 22:19:09 | ERROR    | aiogram.dispatcher | Failed to fetch updates - TelegramConflictError: Telegram server says - Conflict: terminated by other getUpdates request; make sure that only one bot instance is running
2026-08-03 22:19:09 | WARNING  | aiogram.dispatcher | Sleep for 5.077503 seconds and try again... (tryings = 114, bot id = 8839138509)
2026-08-03 22:19:11 | ERROR    | aiogram.dispatcher | Failed to fetch updates - TelegramConflictError: Telegram server says - Conflict: terminated by other getUpdates request; make sure that only one bot instance is running
2026-08-03 22:19:11 | WARNING  | aiogram.dispatcher | Sleep for 5.066632 seconds and try again... (tryings = 78, bot id = 8839138509)
2026-08-03 22:19:14 | ERROR    | aiogram.dispatcher | Failed to fetch updates - TelegramConflictError: Telegram server says - Conflict: terminated by other getUpdates request; make sure that only one bot instance is running
2026-08-03 22:19:14 | WARNING  | aiogram.dispatcher | Sleep for 5.011831 seconds and try again... (tryings = 100, bot id = 8839138509)
2026-08-03 22:19:14 | ERROR    | aiogram.dispatcher | Failed to fetch updates - TelegramConflictError: Telegram server says - Conflict: terminated by other getUpdates request; make sure that only one bot instance is running
2026-08-03 22:19:14 | WARNING  | aiogram.dispatcher | Sleep for 5.100986 seconds and try again... (tryings = 112, bot id = 8839138509)
2026-08-03 22:19:19 | ERROR    | aiogram.dispatcher | Failed to fetch updates - TelegramConflictError: Telegram server says - Conflict: terminated by other getUpdates request; make sure that only one bot instance is running
2026-08-03 22:19:19 | WARNING  | aiogram.dispatcher | Sleep for 4.859092 seconds and try again... (tryings = 115, bot id = 8839138509)
2026-08-03 22:19:20 | ERROR    | aiogram.dispatcher | Failed to fetch updates - TelegramConflictError: Telegram server says - Conflict: terminated by other getUpdates request; make sure that only one bot instance is running
2026-08-03 22:19:20 | WARNING  | aiogram.dispatcher | Sleep for 4.960842 seconds and try again... (tryings = 79, bot id = 8839138509)
2026-08-03 22:19:23 | ERROR    | aiogram.dispatcher | Failed to fetch updates - TelegramConflictError: Telegram server says - Conflict: terminated by other getUpdates request; make sure that only one bot instance is running
2026-08-03 22:19:23 | WARNING  | aiogram.dispatcher | Sleep for 5.011879 seconds and try again... (tryings = 101, bot id = 8839138509)
2026-08-03 22:19:24 | ERROR    | aiogram.dispatcher | Failed to fetch updates - TelegramConflictError: Telegram server says - Conflict: terminated by other getUpdates request; make sure that only one bot instance is running
2026-08-03 22:19:24 | WARNING  | aiogram.dispatcher | Sleep for 5.020004 seconds and try again... (tryings = 113, bot id = 8839138509)
2026-08-03 22:19:28 | ERROR    | aiogram.dispatcher | Failed to fetch updates - TelegramConflictError: Telegram server says - Conflict: terminated by other getUpdates request; make sure that only one bot instance is running
2026-08-03 22:19:28 | WARNING  | aiogram.dispatcher | Sleep for 4.810882 seconds and try again... (tryings = 116, bot id = 8839138509)
2026-08-03 22:19:28 | ERROR    | aiogram.dispatcher | Failed to fetch updates - TelegramConflictError: Telegram server says - Conflict: terminated by other getUpdates request; make sure that only one bot instance is running
2026-08-03 22:19:28 | WARNING  | aiogram.dispatcher | Sleep for 4.999732 seconds and try again... (tryings = 80, bot id = 8839138509)
2026-08-03 22:19:32 | ERROR    | aiogram.dispatcher | Failed to fetch updates - TelegramConflictError: Telegram server says - Conflict: terminated by other getUpdates request; make sure that only one bot instance is running
2026-08-03 22:19:32 | WARNING  | aiogram.dispatcher | Sleep for 4.861235 seconds and try again... (tryings = 102, bot id = 8839138509)
2026-08-03 22:19:33 | ERROR    | aiogram.dispatcher | Failed to fetch updates - TelegramConflictError: Telegram server says - Conflict: terminated by other getUpdates request; make sure that only one bot instance is running
2026-08-03 22:19:33 | WARNING  | aiogram.dispatcher | Sleep for 5.196558 seconds and try again... (tryings = 114, bot id = 8839138509)
2026-08-03 22:19:36 | ERROR    | aiogram.dispatcher | Failed to fetch updates - TelegramConflictError: Telegram server says - Conflict: terminated by other getUpdates request; make sure that only one bot instance is running
2026-08-03 22:19:36 | WARNING  | aiogram.dispatcher | Sleep for 4.927300 seconds and try again... (tryings = 117, bot id = 8839138509)
2026-08-03 22:19:37 | ERROR    | aiogram.dispatcher | Failed to fetch updates - TelegramConflictError: Telegram server says - Conflict: terminated by other getUpdates request; make sure that only one bot instance is running
2026-08-03 22:19:37 | WARNING  | aiogram.dispatcher | Sleep for 4.951257 seconds and try again... (tryings = 81, bot id = 8839138509)
2026-08-03 22:19:41 | ERROR    | aiogram.dispatcher | Failed to fetch updates - TelegramConflictError: Telegram server says - Conflict: terminated by other getUpdates request; make sure that only one bot instance is running
2026-08-03 22:19:41 | WARNING  | aiogram.dispatcher | Sleep for 5.041859 seconds and try again... (tryings = 103, bot id = 8839138509)
2026-08-03 22:19:41 | ERROR    | aiogram.dispatcher | Failed to fetch updates - TelegramConflictError: Telegram server says - Conflict: terminated by other getUpdates request; make sure that only one bot instance is running
2026-08-03 22:19:41 | WARNING  | aiogram.dispatcher | Sleep for 5.068944 seconds and try again... (tryings = 115, bot id = 8839138509)
2026-08-03 22:19:45 | ERROR    | aiogram.dispatcher | Failed to fetch updates - TelegramConflictError: Telegram server says - Conflict: terminated by other getUpdates request; make sure that only one bot instance is running
2026-08-03 22:19:45 | WARNING  | aiogram.dispatcher | Sleep for 4.972241 seconds and try again... (tryings = 118, bot id = 8839138509)
2026-08-03 22:19:46 | ERROR    | aiogram.dispatcher | Failed to fetch updates - TelegramConflictError: Telegram server says - Conflict: terminated by other getUpdates request; make sure that only one bot instance is running
2026-08-03 22:19:46 | WARNING  | aiogram.dispatcher | Sleep for 5.014436 seconds and try again... (tryings = 82, bot id = 8839138509)
2026-08-03 22:19:49 | ERROR    | aiogram.dispatcher | Failed to fetch updates - TelegramConflictError: Telegram server says - Conflict: terminated by other getUpdates request; make sure that only one bot instance is running
2026-08-03 22:19:49 | WARNING  | aiogram.dispatcher | Sleep for 5.058150 seconds and try again... (tryings = 104, bot id = 8839138509)
2026-08-03 22:19:50 | ERROR    | aiogram.dispatcher | Failed to fetch updates - TelegramConflictError: Telegram server says - Conflict: terminated by other getUpdates request; make sure that only one bot instance is running
2026-08-03 22:19:50 | WARNING  | aiogram.dispatcher | Sleep for 4.914040 seconds and try again... (tryings = 116, bot id = 8839138509)
2026-08-03 22:19:54 | ERROR    | aiogram.dispatcher | Failed to fetch updates - TelegramConflictError: Telegram server says - Conflict: terminated by other getUpdates request; make sure that only one bot instance is running
2026-08-03 22:19:54 | WARNING  | aiogram.dispatcher | Sleep for 5.053248 seconds and try again... (tryings = 119, bot id = 8839138509)
2026-08-03 22:19:54 | ERROR    | aiogram.dispatcher | Failed to fetch updates - TelegramConflictError: Telegram server says - Conflict: terminated by other getUpdates request; make sure that only one bot instance is running
2026-08-03 22:19:54 | WARNING  | aiogram.dispatcher | Sleep for 5.015447 seconds and try again... (tryings = 83, bot id = 8839138509)
2026-08-03 22:19:58 | ERROR    | aiogram.dispatcher | Failed to fetch updates - TelegramConflictError: Telegram server says - Conflict: terminated by other getUpdates request; make sure that only one bot instance is running
2026-08-03 22:19:58 | WARNING  | aiogram.dispatcher | Sleep for 4.920096 seconds and try again... (tryings = 105, bot id = 8839138509)
2026-08-03 22:19:59 | ERROR    | aiogram.dispatcher | Failed to fetch updates - TelegramConflictError: Telegram server says - Conflict: terminated by other getUpdates request; make sure that only one bot instance is running
2026-08-03 22:19:59 | WARNING  | aiogram.dispatcher | Sleep for 5.040910 seconds and try again... (tryings = 117, bot id = 8839138509)
2026-08-03 22:20:02 | ERROR    | aiogram.dispatcher | Failed to fetch updates - TelegramConflictError: Telegram server says - Conflict: terminated by other getUpdates request; make sure that only one bot instance is running
2026-08-03 22:20:02 | WARNING  | aiogram.dispatcher | Sleep for 5.047024 seconds and try again... (tryings = 120, bot id = 8839138509)
2026-08-03 22:20:03 | ERROR    | aiogram.dispatcher | Failed to fetch updates - TelegramConflictError: Telegram server says - Conflict: terminated by other getUpdates request; make sure that only one bot instance is running
2026-08-03 22:20:03 | WARNING  | aiogram.dispatcher | Sleep for 5.121745 seconds and try again... (tryings = 84, bot id = 8839138509)
2026-08-03 22:20:07 | ERROR    | aiogram.dispatcher | Failed to fetch updates - TelegramConflictError: Telegram server says - Conflict: terminated by other getUpdates request; make sure that only one bot instance is running
2026-08-03 22:20:07 | WARNING  | aiogram.dispatcher | Sleep for 5.040261 seconds and try again... (tryings = 106, bot id = 8839138509)
2026-08-03 22:20:07 | ERROR    | aiogram.dispatcher | Failed to fetch updates - TelegramConflictError: Telegram server says - Conflict: terminated by other getUpdates request; make sure that only one bot instance is running
2026-08-03 22:20:07 | WARNING  | aiogram.dispatcher | Sleep for 5.035757 seconds and try again... (tryings = 118, bot id = 8839138509)
2026-08-03 22:20:11 | ERROR    | aiogram.dispatcher | Failed to fetch updates - TelegramConflictError: Telegram server says - Conflict: terminated by other getUpdates request; make sure that only one bot instance is running
2026-08-03 22:20:11 | WARNING  | aiogram.dispatcher | Sleep for 4.906000 seconds and try again... (tryings = 121, bot id = 8839138509)
2026-08-03 22:20:12 | ERROR    | aiogram.dispatcher | Failed to fetch updates - TelegramConflictError: Telegram server says - Conflict: terminated by other getUpdates request; make sure that only one bot instance is running
2026-08-03 22:20:12 | WARNING  | aiogram.dispatcher | Sleep for 4.944099 seconds and try again... (tryings = 85, bot id = 8839138509)
2026-08-03 22:20:15 | ERROR    | aiogram.dispatcher | Failed to fetch updates - TelegramConflictError: Telegram server says - Conflict: terminated by other getUpdates request; make sure that only one bot instance is running
2026-08-03 22:20:15 | WARNING  | aiogram.dispatcher | Sleep for 4.854676 seconds and try again... (tryings = 107, bot id = 8839138509)
2026-08-03 22:20:16 | ERROR    | aiogram.dispatcher | Failed to fetch updates - TelegramConflictError: Telegram server says - Conflict: terminated by other getUpdates request; make sure that only one bot instance is running
2026-08-03 22:20:16 | WARNING  | aiogram.dispatcher | Sleep for 5.001060 seconds and try again... (tryings = 119, bot id = 8839138509)
2026-08-03 22:20:20 | ERROR    | aiogram.dispatcher | Failed to fetch updates - TelegramConflictError: Telegram server says - Conflict: terminated by other getUpdates request; make sure that only one bot instance is running
2026-08-03 22:20:20 | WARNING  | aiogram.dispatcher | Sleep for 4.847113 seconds and try again... (tryings = 86, bot id = 8839138509)
2026-08-03 22:20:20 | ERROR    | aiogram.dispatcher | Failed to fetch updates - TelegramConflictError: Telegram server says - Conflict: terminated by other getUpdates request; make sure that only one bot instance is running
2026-08-03 22:20:20 | WARNING  | aiogram.dispatcher | Sleep for 4.970827 seconds and try again... (tryings = 122, bot id = 8839138509)
2026-08-03 22:20:24 | ERROR    | aiogram.dispatcher | Failed to fetch updates - TelegramConflictError: Telegram server says - Conflict: terminated by other getUpdates request; make sure that only one bot instance is running
2026-08-03 22:20:24 | WARNING  | aiogram.dispatcher | Sleep for 5.203792 seconds and try again... (tryings = 108, bot id = 8839138509)
2026-08-03 22:20:25 | ERROR    | aiogram.dispatcher | Failed to fetch updates - TelegramConflictError: Telegram server says - Conflict: terminated by other getUpdates request; make sure that only one bot instance is running
2026-08-03 22:20:25 | WARNING  | aiogram.dispatcher | Sleep for 4.905682 seconds and try again... (tryings = 120, bot id = 8839138509)
2026-08-03 22:20:29 | ERROR    | aiogram.dispatcher | Failed to fetch updates - TelegramConflictError: Telegram server says - Conflict: terminated by other getUpdates request; make sure that only one bot instance is running
2026-08-03 22:20:29 | WARNING  | aiogram.dispatcher | Sleep for 5.181449 seconds and try again... (tryings = 87, bot id = 8839138509)
2026-08-03 22:20:29 | ERROR    | aiogram.dispatcher | Failed to fetch updates - TelegramConflictError: Telegram server says - Conflict: terminated by other getUpdates request; make sure that only one bot instance is running
2026-08-03 22:20:29 | WARNING  | aiogram.dispatcher | Sleep for 4.901105 seconds and try again... (tryings = 123, bot id = 8839138509)
2026-08-03 22:20:33 | ERROR    | aiogram.dispatcher | Failed to fetch updates - TelegramConflictError: Telegram server says - Conflict: terminated by other getUpdates request; make sure that only one bot instance is running
2026-08-03 22:20:33 | WARNING  | aiogram.dispatcher | Sleep for 4.741479 seconds and try again... (tryings = 109, bot id = 8839138509)
2026-08-03 22:20:34 | ERROR    | aiogram.dispatcher | Failed to fetch updates - TelegramConflictError: Telegram server says - Conflict: terminated by other getUpdates request; make sure that only one bot instance is running
2026-08-03 22:20:34 | WARNING  | aiogram.dispatcher | Sleep for 4.896229 seconds and try again... (tryings = 121, bot id = 8839138509)
2026-08-03 22:20:37 | ERROR    | aiogram.dispatcher | Failed to fetch updates - TelegramConflictError: Telegram server says - Conflict: terminated by other getUpdates request; make sure that only one bot instance is running
2026-08-03 22:20:37 | WARNING  | aiogram.dispatcher | Sleep for 5.033864 seconds and try again... (tryings = 88, bot id = 8839138509)
2026-08-03 22:20:38 | ERROR    | aiogram.dispatcher | Failed to fetch updates - TelegramConflictError: Telegram server says - Conflict: terminated by other getUpdates request; make sure that only one bot instance is running
2026-08-03 22:20:38 | WARNING  | aiogram.dispatcher | Sleep for 4.847561 seconds and try again... (tryings = 124, bot id = 8839138509)
2026-08-03 22:20:42 | ERROR    | aiogram.dispatcher | Failed to fetch updates - TelegramConflictError: Telegram server says - Conflict: terminated by other getUpdates request; make sure that only one bot instance is running
2026-08-03 22:20:42 | WARNING  | aiogram.dispatcher | Sleep for 5.006989 seconds and try again... (tryings = 110, bot id = 8839138509)
2026-08-03 22:20:42 | ERROR    | aiogram.dispatcher | Failed to fetch updates - TelegramConflictError: Telegram server says - Conflict: terminated by other getUpdates request; make sure that only one bot instance is running
2026-08-03 22:20:42 | WARNING  | aiogram.dispatcher | Sleep for 4.972892 seconds and try again... (tryings = 122, bot id = 8839138509)
2026-08-03 22:20:46 | ERROR    | aiogram.dispatcher | Failed to fetch updates - TelegramConflictError: Telegram server says - Conflict: terminated by other getUpdates request; make sure that only one bot instance is running
2026-08-03 22:20:46 | WARNING  | aiogram.dispatcher | Sleep for 5.186198 seconds and try again... (tryings = 89, bot id = 8839138509)
2026-08-03 22:20:47 | ERROR    | aiogram.dispatcher | Failed to fetch updates - TelegramConflictError: Telegram server says - Conflict: terminated by other getUpdates request; make sure that only one bot instance is running
2026-08-03 22:20:47 | WARNING  | aiogram.dispatcher | Sleep for 5.086993 seconds and try again... (tryings = 125, bot id = 8839138509)
2026-08-03 22:20:51 | ERROR    | aiogram.dispatcher | Failed to fetch updates - TelegramConflictError: Telegram server says - Conflict: terminated by other getUpdates request; make sure that only one bot instance is running
2026-08-03 22:20:51 | WARNING  | aiogram.dispatcher | Sleep for 4.960646 seconds and try again... (tryings = 111, bot id = 8839138509)
2026-08-03 22:20:51 | ERROR    | aiogram.dispatcher | Failed to fetch updates - TelegramConflictError: Telegram server says - Conflict: terminated by other getUpdates request; make sure that only one bot instance is running
2026-08-03 22:20:51 | WARNING  | aiogram.dispatcher | Sleep for 5.221879 seconds and try again... (tryings = 123, bot id = 8839138509)
2026-08-03 22:20:55 | ERROR    | aiogram.dispatcher | Failed to fetch updates - TelegramConflictError: Telegram server says - Conflict: terminated by other getUpdates request; make sure that only one bot instance is running
2026-08-03 22:20:55 | WARNING  | aiogram.dispatcher | Sleep for 4.980699 seconds and try again... (tryings = 90, bot id = 8839138509)
2026-08-03 22:20:56 | ERROR    | aiogram.dispatcher | Failed to fetch updates - TelegramConflictError: Telegram server says - Conflict: terminated by other getUpdates request; make sure that only one bot instance is running
2026-08-03 22:20:56 | WARNING  | aiogram.dispatcher | Sleep for 4.750430 seconds and try again... (tryings = 126, bot id = 8839138509)
2026-08-03 22:21:00 | ERROR    | aiogram.dispatcher | Failed to fetch updates - TelegramConflictError: Telegram server says - Conflict: terminated by other getUpdates request; make sure that only one bot instance is running
2026-08-03 22:21:00 | WARNING  | aiogram.dispatcher | Sleep for 5.022298 seconds and try again... (tryings = 112, bot id = 8839138509)
2026-08-03 22:21:00 | ERROR    | aiogram.dispatcher | Failed to fetch updates - TelegramConflictError: Telegram server says - Conflict: terminated by other getUpdates request; make sure that only one bot instance is running
2026-08-03 22:21:00 | WARNING  | aiogram.dispatcher | Sleep for 4.929028 seconds and try again... (tryings = 124, bot id = 8839138509)
2026-08-03 22:21:03 | ERROR    | aiogram.dispatcher | Failed to fetch updates - TelegramConflictError: Telegram server says - Conflict: terminated by other getUpdates request; make sure that only one bot instance is running
2026-08-03 22:21:03 | WARNING  | aiogram.dispatcher | Sleep for 4.873055 seconds and try again... (tryings = 91, bot id = 8839138509)
2026-08-03 22:21:05 | ERROR    | aiogram.dispatcher | Failed to fetch updates - TelegramConflictError: Telegram server says - Conflict: terminated by other getUpdates request; make sure that only one bot instance is running
2026-08-03 22:21:05 | WARNING  | aiogram.dispatcher | Sleep for 5.087964 seconds and try again... (tryings = 127, bot id = 8839138509)
2026-08-03 22:21:08 | ERROR    | aiogram.dispatcher | Failed to fetch updates - TelegramConflictError: Telegram server says - Conflict: terminated by other getUpdates request; make sure that only one bot instance is running
2026-08-03 22:21:08 | WARNING  | aiogram.dispatcher | Sleep for 4.942062 seconds and try again... (tryings = 113, bot id = 8839138509)
2026-08-03 22:21:08 | ERROR    | aiogram.dispatcher | Failed to fetch updates - TelegramConflictError: Telegram server says - Conflict: terminated by other getUpdates request; make sure that only one bot instance is running
2026-08-03 22:21:08 | WARNING  | aiogram.dispatcher | Sleep for 4.888074 seconds and try again... (tryings = 125, bot id = 8839138509)
2026-08-03 22:21:13 | ERROR    | aiogram.dispatcher | Failed to fetch updates - TelegramConflictError: Telegram server says - Conflict: terminated by other getUpdates request; make sure that only one bot instance is running
2026-08-03 22:21:13 | WARNING  | aiogram.dispatcher | Sleep for 5.157693 seconds and try again... (tryings = 92, bot id = 8839138509)
2026-08-03 22:21:13 | ERROR    | aiogram.dispatcher | Failed to fetch updates - TelegramConflictError: Telegram server says - Conflict: terminated by other getUpdates request; make sure that only one bot instance is running
2026-08-03 22:21:13 | WARNING  | aiogram.dispatcher | Sleep for 5.074176 seconds and try again... (tryings = 128, bot id = 8839138509)
2026-08-03 22:21:16 | ERROR    | aiogram.dispatcher | Failed to fetch updates - TelegramConflictError: Telegram server says - Conflict: terminated by other getUpdates request; make sure that only one bot instance is running
2026-08-03 22:21:16 | WARNING  | aiogram.dispatcher | Sleep for 4.890283 seconds and try again... (tryings = 114, bot id = 8839138509)
2026-08-03 22:21:18 | ERROR    | aiogram.dispatcher | Failed to fetch updates - TelegramConflictError: Telegram server says - Conflict: terminated by other getUpdates request; make sure that only one bot instance is running
2026-08-03 22:21:18 | WARNING  | aiogram.dispatcher | Sleep for 4.989010 seconds and try again... (tryings = 126, bot id = 8839138509)
2026-08-03 22:21:21 | ERROR    | aiogram.dispatcher | Failed to fetch updates - TelegramConflictError: Telegram server says - Conflict: terminated by other getUpdates request; make sure that only one bot instance is running
2026-08-03 22:21:21 | WARNING  | aiogram.dispatcher | Sleep for 5.121911 seconds and try again... (tryings = 129, bot id = 8839138509)
2026-08-03 22:21:21 | ERROR    | aiogram.dispatcher | Failed to fetch updates - TelegramConflictError: Telegram server says - Conflict: terminated by other getUpdates request; make sure that only one bot instance is running
2026-08-03 22:21:21 | WARNING  | aiogram.dispatcher | Sleep for 5.132347 seconds and try again... (tryings = 93, bot id = 8839138509)
2026-08-03 22:21:26 | ERROR    | aiogram.dispatcher | Failed to fetch updates - TelegramConflictError: Telegram server says - Conflict: terminated by other getUpdates request; make sure that only one bot instance is running
2026-08-03 22:21:26 | WARNING  | aiogram.dispatcher | Sleep for 5.063060 seconds and try again... (tryings = 115, bot id = 8839138509)
2026-08-03 22:21:27 | ERROR    | aiogram.dispatcher | Failed to fetch updates - TelegramConflictError: Telegram server says - Conflict: terminated by other getUpdates request; make sure that only one bot instance is running
2026-08-03 22:21:27 | WARNING  | aiogram.dispatcher | Sleep for 4.966186 seconds and try again... (tryings = 127, bot id = 8839138509)
2026-08-03 22:21:30 | ERROR    | aiogram.dispatcher | Failed to fetch updates - TelegramConflictError: Telegram server says - Conflict: terminated by other getUpdates request; make sure that only one bot instance is running
2026-08-03 22:21:30 | WARNING  | aiogram.dispatcher | Sleep for 4.968728 seconds and try again... (tryings = 130, bot id = 8839138509)
2026-08-03 22:21:31 | ERROR    | aiogram.dispatcher | Failed to fetch updates - TelegramConflictError: Telegram server says - Conflict: terminated by other getUpdates request; make sure that only one bot instance is running
2026-08-03 22:21:31 | WARNING  | aiogram.dispatcher | Sleep for 4.932114 seconds and try again... (tryings = 94, bot id = 8839138509)
2026-08-03 22:21:35 | ERROR    | aiogram.dispatcher | Failed to fetch updates - TelegramConflictError: Telegram server says - Conflict: terminated by other getUpdates request; make sure that only one bot instance is running
2026-08-03 22:21:35 | WARNING  | aiogram.dispatcher | Sleep for 4.925513 seconds and try again... (tryings = 116, bot id = 8839138509)
2026-08-03 22:21:35 | ERROR    | aiogram.dispatcher | Failed to fetch updates - TelegramConflictError: Telegram server says - Conflict: terminated by other getUpdates request; make sure that only one bot instance is running
2026-08-03 22:21:35 | WARNING  | aiogram.dispatcher | Sleep for 4.952749 seconds and try again... (tryings = 128, bot id = 8839138509)
2026-08-03 22:21:39 | ERROR    | aiogram.dispatcher | Failed to fetch updates - TelegramConflictError: Telegram server says - Conflict: terminated by other getUpdates request; make sure that only one bot instance is running
2026-08-03 22:21:39 | WARNING  | aiogram.dispatcher | Sleep for 5.073121 seconds and try again... (tryings = 131, bot id = 8839138509)
2026-08-03 22:21:40 | ERROR    | aiogram.dispatcher | Failed to fetch updates - TelegramConflictError: Telegram server says - Conflict: terminated by other getUpdates request; make sure that only one bot instance is running
2026-08-03 22:21:40 | WARNING  | aiogram.dispatcher | Sleep for 5.002255 seconds and try again... (tryings = 95, bot id = 8839138509)
2026-08-03 22:21:43 | ERROR    | aiogram.dispatcher | Failed to fetch updates - TelegramConflictError: Telegram server says - Conflict: terminated by other getUpdates request; make sure that only one bot instance is running
2026-08-03 22:21:43 | WARNING  | aiogram.dispatcher | Sleep for 5.132649 seconds and try again... (tryings = 117, bot id = 8839138509)
2026-08-03 22:21:45 | ERROR    | aiogram.dispatcher | Failed to fetch updates - TelegramConflictError: Telegram server says - Conflict: terminated by other getUpdates request; make sure that only one bot instance is running
2026-08-03 22:21:45 | WARNING  | aiogram.dispatcher | Sleep for 4.835416 seconds and try again... (tryings = 129, bot id = 8839138509)
2026-08-03 22:21:48 | ERROR    | aiogram.dispatcher | Failed to fetch updates - TelegramConflictError: Telegram server says - Conflict: terminated by other getUpdates request; make sure that only one bot instance is running
2026-08-03 22:21:48 | WARNING  | aiogram.dispatcher | Sleep for 5.016359 seconds and try again... (tryings = 132, bot id = 8839138509)
2026-08-03 22:21:48 | ERROR    | aiogram.dispatcher | Failed to fetch updates - TelegramConflictError: Telegram server says - Conflict: terminated by other getUpdates request; make sure that only one bot instance is running
2026-08-03 22:21:48 | WARNING  | aiogram.dispatcher | Sleep for 5.041539 seconds and try again... (tryings = 96, bot id = 8839138509)
2026-08-03 22:21:53 | ERROR    | aiogram.dispatcher | Failed to fetch updates - TelegramConflictError: Telegram server says - Conflict: terminated by other getUpdates request; make sure that only one bot instance is running
2026-08-03 22:21:53 | WARNING  | aiogram.dispatcher | Sleep for 4.861215 seconds and try again... (tryings = 118, bot id = 8839138509)
2026-08-03 22:21:53 | ERROR    | aiogram.dispatcher | Failed to fetch updates - TelegramConflictError: Telegram server says - Conflict: terminated by other getUpdates request; make sure that only one bot instance is running
2026-08-03 22:21:53 | WARNING  | aiogram.dispatcher | Sleep for 4.895746 seconds and try again... (tryings = 130, bot id = 8839138509)
2026-08-03 22:21:56 | ERROR    | aiogram.dispatcher | Failed to fetch updates - TelegramConflictError: Telegram server says - Conflict: terminated by other getUpdates request; make sure that only one bot instance is running
2026-08-03 22:21:56 | WARNING  | aiogram.dispatcher | Sleep for 4.906191 seconds and try again... (tryings = 133, bot id = 8839138509)
2026-08-03 22:21:57 | ERROR    | aiogram.dispatcher | Failed to fetch updates - TelegramConflictError: Telegram server says - Conflict: terminated by other getUpdates request; make sure that only one bot instance is running
2026-08-03 22:21:57 | WARNING  | aiogram.dispatcher | Sleep for 5.003888 seconds and try again... (tryings = 97, bot id = 8839138509)
2026-08-03 22:22:01 | ERROR    | aiogram.dispatcher | Failed to fetch updates - TelegramConflictError: Telegram server says - Conflict: terminated by other getUpdates request; make sure that only one bot instance is running
2026-08-03 22:22:01 | WARNING  | aiogram.dispatcher | Sleep for 5.031507 seconds and try again... (tryings = 119, bot id = 8839138509)
2026-08-03 22:22:01 | ERROR    | aiogram.dispatcher | Failed to fetch updates - TelegramConflictError: Telegram server says - Conflict: terminated by other getUpdates request; make sure that only one bot instance is running
2026-08-03 22:22:01 | WARNING  | aiogram.dispatcher | Sleep for 5.079200 seconds and try again... (tryings = 131, bot id = 8839138509)
2026-08-03 22:22:06 | ERROR    | aiogram.dispatcher | Failed to fetch updates - TelegramConflictError: Telegram server says - Conflict: terminated by other getUpdates request; make sure that only one bot instance is running
2026-08-03 22:22:06 | WARNING  | aiogram.dispatcher | Sleep for 5.042738 seconds and try again... (tryings = 134, bot id = 8839138509)
2026-08-03 22:22:06 | ERROR    | aiogram.dispatcher | Failed to fetch updates - TelegramConflictError: Telegram server says - Conflict: terminated by other getUpdates request; make sure that only one bot instance is running
2026-08-03 22:22:06 | WARNING  | aiogram.dispatcher | Sleep for 4.991157 seconds and try again... (tryings = 98, bot id = 8839138509)
2026-08-03 22:22:09 | ERROR    | aiogram.dispatcher | Failed to fetch updates - TelegramConflictError: Telegram server says - Conflict: terminated by other getUpdates request; make sure that only one bot instance is running
2026-08-03 22:22:09 | WARNING  | aiogram.dispatcher | Sleep for 5.041212 seconds and try again... (tryings = 120, bot id = 8839138509)
2026-08-03 22:22:11 | ERROR    | aiogram.dispatcher | Failed to fetch updates - TelegramConflictError: Telegram server says - Conflict: terminated by other getUpdates request; make sure that only one bot instance is running
2026-08-03 22:22:11 | WARNING  | aiogram.dispatcher | Sleep for 4.693660 seconds and try again... (tryings = 132, bot id = 8839138509)
2026-08-03 22:22:14 | ERROR    | aiogram.dispatcher | Failed to fetch updates - TelegramConflictError: Telegram server says - Conflict: terminated by other getUpdates request; make sure that only one bot instance is running
2026-08-03 22:22:14 | WARNING  | aiogram.dispatcher | Sleep for 4.907081 seconds and try again... (tryings = 135, bot id = 8839138509)
2026-08-03 22:22:14 | ERROR    | aiogram.dispatcher | Failed to fetch updates - TelegramConflictError: Telegram server says - Conflict: terminated by other getUpdates request; make sure that only one bot instance is running
2026-08-03 22:22:14 | WARNING  | aiogram.dispatcher | Sleep for 4.866778 seconds and try again... (tryings = 99, bot id = 8839138509)
2026-08-03 22:22:19 | ERROR    | aiogram.dispatcher | Failed to fetch updates - TelegramConflictError: Telegram server says - Conflict: terminated by other getUpdates request; make sure that only one bot instance is running
2026-08-03 22:22:19 | WARNING  | aiogram.dispatcher | Sleep for 4.823012 seconds and try again... (tryings = 121, bot id = 8839138509)
2026-08-03 22:22:19 | ERROR    | aiogram.dispatcher | Failed to fetch updates - TelegramConflictError: Telegram server says - Conflict: terminated by other getUpdates request; make sure that only one bot instance is running
2026-08-03 22:22:19 | WARNING  | aiogram.dispatcher | Sleep for 4.924881 seconds and try again... (tryings = 133, bot id = 8839138509)
2026-08-03 22:22:22 | ERROR    | aiogram.dispatcher | Failed to fetch updates - TelegramConflictError: Telegram server says - Conflict: terminated by other getUpdates request; make sure that only one bot instance is running
2026-08-03 22:22:22 | WARNING  | aiogram.dispatcher | Sleep for 5.166263 seconds and try again... (tryings = 136, bot id = 8839138509)
2026-08-03 22:22:23 | ERROR    | aiogram.dispatcher | Failed to fetch updates - TelegramConflictError: Telegram server says - Conflict: terminated by other getUpdates request; make sure that only one bot instance is running
2026-08-03 22:22:23 | WARNING  | aiogram.dispatcher | Sleep for 5.076490 seconds and try again... (tryings = 100, bot id = 8839138509)
2026-08-03 22:22:27 | ERROR    | aiogram.dispatcher | Failed to fetch updates - TelegramConflictError: Telegram server says - Conflict: terminated by other getUpdates request; make sure that only one bot instance is running
2026-08-03 22:22:27 | WARNING  | aiogram.dispatcher | Sleep for 4.891351 seconds and try again... (tryings = 122, bot id = 8839138509)
2026-08-03 22:22:27 | ERROR    | aiogram.dispatcher | Failed to fetch updates - TelegramConflictError: Telegram server says - Conflict: terminated by other getUpdates request; make sure that only one bot instance is running
2026-08-03 22:22:27 | WARNING  | aiogram.dispatcher | Sleep for 4.994572 seconds and try again... (tryings = 134, bot id = 8839138509)
2026-08-03 22:22:32 | ERROR    | aiogram.dispatcher | Failed to fetch updates - TelegramConflictError: Telegram server says - Conflict: terminated by other getUpdates request; make sure that only one bot instance is running
2026-08-03 22:22:32 | WARNING  | aiogram.dispatcher | Sleep for 4.890463 seconds and try again... (tryings = 137, bot id = 8839138509)
2026-08-03 22:22:32 | ERROR    | aiogram.dispatcher | Failed to fetch updates - TelegramConflictError: Telegram server says - Conflict: terminated by other getUpdates request; make sure that only one bot instance is running
2026-08-03 22:22:32 | WARNING  | aiogram.dispatcher | Sleep for 5.134088 seconds and try again... (tryings = 101, bot id = 8839138509)
2026-08-03 22:22:35 | ERROR    | aiogram.dispatcher | Failed to fetch updates - TelegramConflictError: Telegram server says - Conflict: terminated by other getUpdates request; make sure that only one bot instance is running
2026-08-03 22:22:35 | WARNING  | aiogram.dispatcher | Sleep for 4.897921 seconds and try again... (tryings = 123, bot id = 8839138509)
2026-08-03 22:22:37 | ERROR    | aiogram.dispatcher | Failed to fetch updates - TelegramConflictError: Telegram server says - Conflict: terminated by other getUpdates request; make sure that only one bot instance is running
2026-08-03 22:22:37 | WARNING  | aiogram.dispatcher | Sleep for 4.874603 seconds and try again... (tryings = 135, bot id = 8839138509)
2026-08-03 22:22:40 | ERROR    | aiogram.dispatcher | Failed to fetch updates - TelegramConflictError: Telegram server says - Conflict: terminated by other getUpdates request; make sure that only one bot instance is running
2026-08-03 22:22:40 | WARNING  | aiogram.dispatcher | Sleep for 5.047210 seconds and try again... (tryings = 138, bot id = 8839138509)
2026-08-03 22:22:40 | ERROR    | aiogram.dispatcher | Failed to fetch updates - TelegramConflictError: Telegram server says - Conflict: terminated by other getUpdates request; make sure that only one bot instance is running
2026-08-03 22:22:40 | WARNING  | aiogram.dispatcher | Sleep for 4.876503 seconds and try again... (tryings = 102, bot id = 8839138509)
2026-08-03 22:22:45 | ERROR    | aiogram.dispatcher | Failed to fetch updates - TelegramConflictError: Telegram server says - Conflict: terminated by other getUpdates request; make sure that only one bot instance is running
2026-08-03 22:22:45 | WARNING  | aiogram.dispatcher | Sleep for 4.975351 seconds and try again... (tryings = 124, bot id = 8839138509)
2026-08-03 22:22:45 | ERROR    | aiogram.dispatcher | Failed to fetch updates - TelegramConflictError: Telegram server says - Conflict: terminated by other getUpdates request; make sure that only one bot instance is running
2026-08-03 22:22:45 | WARNING  | aiogram.dispatcher | Sleep for 4.955746 seconds and try again... (tryings = 136, bot id = 8839138509)
2026-08-03 22:22:49 | ERROR    | aiogram.dispatcher | Failed to fetch updates - TelegramConflictError: Telegram server says - Conflict: terminated by other getUpdates request; make sure that only one bot instance is running
2026-08-03 22:22:49 | WARNING  | aiogram.dispatcher | Sleep for 5.075991 seconds and try again... (tryings = 139, bot id = 8839138509)
2026-08-03 22:22:50 | ERROR    | aiogram.dispatcher | Failed to fetch updates - TelegramConflictError: Telegram server says - Conflict: terminated by other getUpdates request; make sure that only one bot instance is running
2026-08-03 22:22:50 | WARNING  | aiogram.dispatcher | Sleep for 4.949969 seconds and try again... (tryings = 103, bot id = 8839138509)
2026-08-03 22:22:53 | ERROR    | aiogram.dispatcher | Failed to fetch updates - TelegramConflictError: Telegram server says - Conflict: terminated by other getUpdates request; make sure that only one bot instance is running
2026-08-03 22:22:53 | WARNING  | aiogram.dispatcher | Sleep for 4.977443 seconds and try again... (tryings = 125, bot id = 8839138509)
2026-08-03 22:22:54 | ERROR    | aiogram.dispatcher | Failed to fetch updates - TelegramConflictError: Telegram server says - Conflict: terminated by other getUpdates request; make sure that only one bot instance is running
2026-08-03 22:22:54 | WARNING  | aiogram.dispatcher | Sleep for 4.779893 seconds and try again... (tryings = 137, bot id = 8839138509)
2026-08-03 22:22:58 | ERROR    | aiogram.dispatcher | Failed to fetch updates - TelegramConflictError: Telegram server says - Conflict: terminated by other getUpdates request; make sure that only one bot instance is running
2026-08-03 22:22:58 | WARNING  | aiogram.dispatcher | Sleep for 4.909853 seconds and try again... (tryings = 140, bot id = 8839138509)
2026-08-03 22:22:58 | ERROR    | aiogram.dispatcher | Failed to fetch updates - TelegramConflictError: Telegram server says - Conflict: terminated by other getUpdates request; make sure that only one bot instance is running
2026-08-03 22:22:58 | WARNING  | aiogram.dispatcher | Sleep for 5.118263 seconds and try again... (tryings = 104, bot id = 8839138509)
2026-08-03 22:23:02 | ERROR    | aiogram.dispatcher | Failed to fetch updates - TelegramConflictError: Telegram server says - Conflict: terminated by other getUpdates request; make sure that only one bot instance is running
2026-08-03 22:23:02 | WARNING  | aiogram.dispatcher | Sleep for 5.118275 seconds and try again... (tryings = 126, bot id = 8839138509)
2026-08-03 22:23:03 | ERROR    | aiogram.dispatcher | Failed to fetch updates - TelegramConflictError: Telegram server says - Conflict: terminated by other getUpdates request; make sure that only one bot instance is running
2026-08-03 22:23:03 | WARNING  | aiogram.dispatcher | Sleep for 5.069826 seconds and try again... (tryings = 138, bot id = 8839138509)
2026-08-03 22:23:07 | ERROR    | aiogram.dispatcher | Failed to fetch updates - TelegramConflictError: Telegram server says - Conflict: terminated by other getUpdates request; make sure that only one bot instance is running
2026-08-03 22:23:07 | WARNING  | aiogram.dispatcher | Sleep for 4.934017 seconds and try again... (tryings = 141, bot id = 8839138509)
2026-08-03 22:23:07 | ERROR    | aiogram.dispatcher | Failed to fetch updates - TelegramConflictError: Telegram server says - Conflict: terminated by other getUpdates request; make sure that only one bot instance is running
2026-08-03 22:23:07 | WARNING  | aiogram.dispatcher | Sleep for 5.055636 seconds and try again... (tryings = 105, bot id = 8839138509)
2026-08-03 22:23:11 | ERROR    | aiogram.dispatcher | Failed to fetch updates - TelegramConflictError: Telegram server says - Conflict: terminated by other getUpdates request; make sure that only one bot instance is running
2026-08-03 22:23:11 | WARNING  | aiogram.dispatcher | Sleep for 5.096997 seconds and try again... (tryings = 127, bot id = 8839138509)
2026-08-03 22:23:12 | ERROR    | aiogram.dispatcher | Failed to fetch updates - TelegramConflictError: Telegram server says - Conflict: terminated by other getUpdates request; make sure that only one bot instance is running
2026-08-03 22:23:12 | WARNING  | aiogram.dispatcher | Sleep for 5.107405 seconds and try again... (tryings = 139, bot id = 8839138509)
2026-08-03 22:23:15 | ERROR    | aiogram.dispatcher | Failed to fetch updates - TelegramConflictError: Telegram server says - Conflict: terminated by other getUpdates request; make sure that only one bot instance is running
2026-08-03 22:23:15 | WARNING  | aiogram.dispatcher | Sleep for 5.077223 seconds and try again... (tryings = 142, bot id = 8839138509)
2026-08-03 22:23:16 | ERROR    | aiogram.dispatcher | Failed to fetch updates - TelegramConflictError: Telegram server says - Conflict: terminated by other getUpdates request; make sure that only one bot instance is running
2026-08-03 22:23:16 | WARNING  | aiogram.dispatcher | Sleep for 5.155567 seconds and try again... (tryings = 106, bot id = 8839138509)
2026-08-03 22:23:20 | ERROR    | aiogram.dispatcher | Failed to fetch updates - TelegramConflictError: Telegram server says - Conflict: terminated by other getUpdates request; make sure that only one bot instance is running
2026-08-03 22:23:20 | WARNING  | aiogram.dispatcher | Sleep for 4.960955 seconds and try again... (tryings = 128, bot id = 8839138509)
2026-08-03 22:23:20 | ERROR    | aiogram.dispatcher | Failed to fetch updates - TelegramConflictError: Telegram server says - Conflict: terminated by other getUpdates request; make sure that only one bot instance is running
2026-08-03 22:23:20 | WARNING  | aiogram.dispatcher | Sleep for 4.927173 seconds and try again... (tryings = 140, bot id = 8839138509)
2026-08-03 22:23:24 | ERROR    | aiogram.dispatcher | Failed to fetch updates - TelegramConflictError: Telegram server says - Conflict: terminated by other getUpdates request; make sure that only one bot instance is running
2026-08-03 22:23:24 | WARNING  | aiogram.dispatcher | Sleep for 4.826162 seconds and try again... (tryings = 143, bot id = 8839138509)
2026-08-03 22:23:25 | ERROR    | aiogram.dispatcher | Failed to fetch updates - TelegramConflictError: Telegram server says - Conflict: terminated by other getUpdates request; make sure that only one bot instance is running
2026-08-03 22:23:25 | WARNING  | aiogram.dispatcher | Sleep for 5.104714 seconds and try again... (tryings = 107, bot id = 8839138509)
2026-08-03 22:23:28 | ERROR    | aiogram.dispatcher | Failed to fetch updates - TelegramConflictError: Telegram server says - Conflict: terminated by other getUpdates request; make sure that only one bot instance is running
2026-08-03 22:23:28 | WARNING  | aiogram.dispatcher | Sleep for 5.047177 seconds and try again... (tryings = 129, bot id = 8839138509)
2026-08-03 22:23:29 | ERROR    | aiogram.dispatcher | Failed to fetch updates - TelegramConflictError: Telegram server says - Conflict: terminated by other getUpdates request; make sure that only one bot instance is running
2026-08-03 22:23:29 | WARNING  | aiogram.dispatcher | Sleep for 4.987221 seconds and try again... (tryings = 141, bot id = 8839138509)
2026-08-03 22:23:33 | ERROR    | aiogram.dispatcher | Failed to fetch updates - TelegramConflictError: Telegram server says - Conflict: terminated by other getUpdates request; make sure that only one bot instance is running
2026-08-03 22:23:33 | WARNING  | aiogram.dispatcher | Sleep for 5.120609 seconds and try again... (tryings = 144, bot id = 8839138509)
2026-08-03 22:23:33 | ERROR    | aiogram.dispatcher | Failed to fetch updates - TelegramConflictError: Telegram server says - Conflict: terminated by other getUpdates request; make sure that only one bot instance is running
2026-08-03 22:23:33 | WARNING  | aiogram.dispatcher | Sleep for 5.047742 seconds and try again... (tryings = 108, bot id = 8839138509)
2026-08-03 22:23:37 | ERROR    | aiogram.dispatcher | Failed to fetch updates - TelegramConflictError: Telegram server says - Conflict: terminated by other getUpdates request; make sure that only one bot instance is running
2026-08-03 22:23:37 | WARNING  | aiogram.dispatcher | Sleep for 5.047228 seconds and try again... (tryings = 130, bot id = 8839138509)
2026-08-03 22:23:38 | ERROR    | aiogram.dispatcher | Failed to fetch updates - TelegramConflictError: Telegram server says - Conflict: terminated by other getUpdates request; make sure that only one bot instance is running
2026-08-03 22:23:38 | WARNING  | aiogram.dispatcher | Sleep for 5.074824 seconds and try again... (tryings = 142, bot id = 8839138509)
2026-08-03 22:23:41 | ERROR    | aiogram.dispatcher | Failed to fetch updates - TelegramConflictError: Telegram server says - Conflict: terminated by other getUpdates request; make sure that only one bot instance is running
2026-08-03 22:23:41 | WARNING  | aiogram.dispatcher | Sleep for 5.166581 seconds and try again... (tryings = 145, bot id = 8839138509)
2026-08-03 22:23:42 | ERROR    | aiogram.dispatcher | Failed to fetch updates - TelegramConflictError: Telegram server says - Conflict: terminated by other getUpdates request; make sure that only one bot instance is running
2026-08-03 22:23:42 | WARNING  | aiogram.dispatcher | Sleep for 4.933102 seconds and try again... (tryings = 109, bot id = 8839138509)
2026-08-03 22:23:46 | ERROR    | aiogram.dispatcher | Failed to fetch updates - TelegramConflictError: Telegram server says - Conflict: terminated by other getUpdates request; make sure that only one bot instance is running
2026-08-03 22:23:46 | WARNING  | aiogram.dispatcher | Sleep for 5.106927 seconds and try again... (tryings = 131, bot id = 8839138509)
2026-08-03 22:23:47 | ERROR    | aiogram.dispatcher | Failed to fetch updates - TelegramConflictError: Telegram server says - Conflict: terminated by other getUpdates request; make sure that only one bot instance is running
2026-08-03 22:23:47 | WARNING  | aiogram.dispatcher | Sleep for 4.844832 seconds and try again... (tryings = 143, bot id = 8839138509)
2026-08-03 22:23:50 | ERROR    | aiogram.dispatcher | Failed to fetch updates - TelegramConflictError: Telegram server says - Conflict: terminated by other getUpdates request; make sure that only one bot instance is running
2026-08-03 22:23:50 | WARNING  | aiogram.dispatcher | Sleep for 4.817545 seconds and try again... (tryings = 146, bot id = 8839138509)
2026-08-03 22:23:52 | ERROR    | aiogram.dispatcher | Failed to fetch updates - TelegramConflictError: Telegram server says - Conflict: terminated by other getUpdates request; make sure that only one bot instance is running
2026-08-03 22:23:52 | WARNING  | aiogram.dispatcher | Sleep for 4.967989 seconds and try again... (tryings = 110, bot id = 8839138509)
2026-08-03 22:23:55 | ERROR    | aiogram.dispatcher | Failed to fetch updates - TelegramConflictError: Telegram server says - Conflict: terminated by other getUpdates request; make sure that only one bot instance is running
2026-08-03 22:23:55 | WARNING  | aiogram.dispatcher | Sleep for 4.920525 seconds and try again... (tryings = 144, bot id = 8839138509)
2026-08-03 22:23:55 | ERROR    | aiogram.dispatcher | Failed to fetch updates - TelegramConflictError: Telegram server says - Conflict: terminated by other getUpdates request; make sure that only one bot instance is running
2026-08-03 22:23:55 | WARNING  | aiogram.dispatcher | Sleep for 4.905881 seconds and try again... (tryings = 132, bot id = 8839138509)
2026-08-03 22:24:00 | ERROR    | aiogram.dispatcher | Failed to fetch updates - TelegramConflictError: Telegram server says - Conflict: terminated by other getUpdates request; make sure that only one bot instance is running
2026-08-03 22:24:00 | WARNING  | aiogram.dispatcher | Sleep for 5.068126 seconds and try again... (tryings = 111, bot id = 8839138509)
2026-08-03 22:24:00 | ERROR    | aiogram.dispatcher | Failed to fetch updates - TelegramConflictError: Telegram server says - Conflict: terminated by other getUpdates request; make sure that only one bot instance is running
2026-08-03 22:24:00 | WARNING  | aiogram.dispatcher | Sleep for 4.965563 seconds and try again... (tryings = 147, bot id = 8839138509)
2026-08-03 22:24:03 | ERROR    | aiogram.dispatcher | Failed to fetch updates - TelegramConflictError: Telegram server says - Conflict: terminated by other getUpdates request; make sure that only one bot instance is running
2026-08-03 22:24:03 | WARNING  | aiogram.dispatcher | Sleep for 5.114310 seconds and try again... (tryings = 145, bot id = 8839138509)
2026-08-03 22:24:05 | ERROR    | aiogram.dispatcher | Failed to fetch updates - TelegramConflictError: Telegram server says - Conflict: terminated by other getUpdates request; make sure that only one bot instance is running
2026-08-03 22:24:05 | WARNING  | aiogram.dispatcher | Sleep for 5.285655 seconds and try again... (tryings = 133, bot id = 8839138509)
2026-08-03 22:24:08 | ERROR    | aiogram.dispatcher | Failed to fetch updates - TelegramConflictError: Telegram server says - Conflict: terminated by other getUpdates request; make sure that only one bot instance is running
2026-08-03 22:24:08 | WARNING  | aiogram.dispatcher | Sleep for 5.043696 seconds and try again... (tryings = 148, bot id = 8839138509)
2026-08-03 22:24:08 | ERROR    | aiogram.dispatcher | Failed to fetch updates - TelegramConflictError: Telegram server says - Conflict: terminated by other getUpdates request; make sure that only one bot instance is running
2026-08-03 22:24:08 | WARNING  | aiogram.dispatcher | Sleep for 5.036535 seconds and try again... (tryings = 112, bot id = 8839138509)
2026-08-03 22:24:13 | ERROR    | aiogram.dispatcher | Failed to fetch updates - TelegramConflictError: Telegram server says - Conflict: terminated by other getUpdates request; make sure that only one bot instance is running
2026-08-03 22:24:13 | WARNING  | aiogram.dispatcher | Sleep for 4.931253 seconds and try again... (tryings = 134, bot id = 8839138509)
2026-08-03 22:24:13 | ERROR    | aiogram.dispatcher | Failed to fetch updates - TelegramConflictError: Telegram server says - Conflict: terminated by other getUpdates request; make sure that only one bot instance is running
2026-08-03 22:24:13 | WARNING  | aiogram.dispatcher | Sleep for 5.026926 seconds and try again... (tryings = 146, bot id = 8839138509)
2026-08-03 22:24:16 | ERROR    | aiogram.dispatcher | Failed to fetch updates - TelegramConflictError: Telegram server says - Conflict: terminated by other getUpdates request; make sure that only one bot instance is running
2026-08-03 22:24:16 | WARNING  | aiogram.dispatcher | Sleep for 5.073423 seconds and try again... (tryings = 149, bot id = 8839138509)
2026-08-03 22:24:18 | ERROR    | aiogram.dispatcher | Failed to fetch updates - TelegramConflictError: Telegram server says - Conflict: terminated by other getUpdates request; make sure that only one bot instance is running
2026-08-03 22:24:18 | WARNING  | aiogram.dispatcher | Sleep for 5.033264 seconds and try again... (tryings = 113, bot id = 8839138509)
2026-08-03 22:24:21 | ERROR    | aiogram.dispatcher | Failed to fetch updates - TelegramConflictError: Telegram server says - Conflict: terminated by other getUpdates request; make sure that only one bot instance is running
2026-08-03 22:24:21 | WARNING  | aiogram.dispatcher | Sleep for 5.194051 seconds and try again... (tryings = 135, bot id = 8839138509)
2026-08-03 22:24:22 | ERROR    | aiogram.dispatcher | Failed to fetch updates - TelegramConflictError: Telegram server says - Conflict: terminated by other getUpdates request; make sure that only one bot instance is running
2026-08-03 22:24:22 | WARNING  | aiogram.dispatcher | Sleep for 5.232810 seconds and try again... (tryings = 147, bot id = 8839138509)
2026-08-03 22:24:26 | ERROR    | aiogram.dispatcher | Failed to fetch updates - TelegramConflictError: Telegram server says - Conflict: terminated by other getUpdates request; make sure that only one bot instance is running
2026-08-03 22:24:26 | WARNING  | aiogram.dispatcher | Sleep for 5.033608 seconds and try again... (tryings = 150, bot id = 8839138509)
2026-08-03 22:24:26 | ERROR    | aiogram.dispatcher | Failed to fetch updates - TelegramConflictError: Telegram server says - Conflict: terminated by other getUpdates request; make sure that only one bot instance is running
2026-08-03 22:24:26 | WARNING  | aiogram.dispatcher | Sleep for 4.911016 seconds and try again... (tryings = 114, bot id = 8839138509)
2026-08-03 22:24:30 | ERROR    | aiogram.dispatcher | Failed to fetch updates - TelegramConflictError: Telegram server says - Conflict: terminated by other getUpdates request; make sure that only one bot instance is running
2026-08-03 22:24:30 | WARNING  | aiogram.dispatcher | Sleep for 4.942633 seconds and try again... (tryings = 136, bot id = 8839138509)
2026-08-03 22:24:31 | ERROR    | aiogram.dispatcher | Failed to fetch updates - TelegramConflictError: Telegram server says - Conflict: terminated by other getUpdates request; make sure that only one bot instance is running
2026-08-03 22:24:31 | WARNING  | aiogram.dispatcher | Sleep for 5.080163 seconds and try again... (tryings = 148, bot id = 8839138509)
2026-08-03 22:24:34 | ERROR    | aiogram.dispatcher | Failed to fetch updates - TelegramConflictError: Telegram server says - Conflict: terminated by other getUpdates request; make sure that only one bot instance is running
2026-08-03 22:24:34 | WARNING  | aiogram.dispatcher | Sleep for 5.006257 seconds and try again... (tryings = 151, bot id = 8839138509)
2026-08-03 22:24:35 | ERROR    | aiogram.dispatcher | Failed to fetch updates - TelegramConflictError: Telegram server says - Conflict: terminated by other getUpdates request; make sure that only one bot instance is running
2026-08-03 22:24:35 | WARNING  | aiogram.dispatcher | Sleep for 4.926813 seconds and try again... (tryings = 115, bot id = 8839138509)
2026-08-03 22:24:39 | ERROR    | aiogram.dispatcher | Failed to fetch updates - TelegramConflictError: Telegram server says - Conflict: terminated by other getUpdates request; make sure that only one bot instance is running
2026-08-03 22:24:39 | WARNING  | aiogram.dispatcher | Sleep for 5.021428 seconds and try again... (tryings = 137, bot id = 8839138509)
2026-08-03 22:24:39 | ERROR    | aiogram.dispatcher | Failed to fetch updates - TelegramConflictError: Telegram server says - Conflict: terminated by other getUpdates request; make sure that only one bot instance is running
2026-08-03 22:24:39 | WARNING  | aiogram.dispatcher | Sleep for 5.006909 seconds and try again... (tryings = 149, bot id = 8839138509)
2026-08-03 22:24:43 | ERROR    | aiogram.dispatcher | Failed to fetch updates - TelegramConflictError: Telegram server says - Conflict: terminated by other getUpdates request; make sure that only one bot instance is running
2026-08-03 22:24:43 | WARNING  | aiogram.dispatcher | Sleep for 5.012303 seconds and try again... (tryings = 152, bot id = 8839138509)
2026-08-03 22:24:44 | ERROR    | aiogram.dispatcher | Failed to fetch updates - TelegramConflictError: Telegram server says - Conflict: terminated by other getUpdates request; make sure that only one bot instance is running
2026-08-03 22:24:44 | WARNING  | aiogram.dispatcher | Sleep for 5.175029 seconds and try again... (tryings = 116, bot id = 8839138509)
2026-08-03 22:24:48 | ERROR    | aiogram.dispatcher | Failed to fetch updates - TelegramConflictError: Telegram server says - Conflict: terminated by other getUpdates request; make sure that only one bot instance is running
2026-08-03 22:24:48 | WARNING  | aiogram.dispatcher | Sleep for 4.930746 seconds and try again... (tryings = 138, bot id = 8839138509)
2026-08-03 22:24:48 | ERROR    | aiogram.dispatcher | Failed to fetch updates - TelegramConflictError: Telegram server says - Conflict: terminated by other getUpdates request; make sure that only one bot instance is running
2026-08-03 22:24:48 | WARNING  | aiogram.dispatcher | Sleep for 5.018247 seconds and try again... (tryings = 150, bot id = 8839138509)
2026-08-03 22:24:53 | ERROR    | aiogram.dispatcher | Failed to fetch updates - TelegramConflictError: Telegram server says - Conflict: terminated by other getUpdates request; make sure that only one bot instance is running
2026-08-03 22:24:53 | WARNING  | aiogram.dispatcher | Sleep for 5.070227 seconds and try again... (tryings = 153, bot id = 8839138509)
2026-08-03 22:24:53 | ERROR    | aiogram.dispatcher | Failed to fetch updates - TelegramConflictError: Telegram server says - Conflict: terminated by other getUpdates request; make sure that only one bot instance is running
2026-08-03 22:24:53 | WARNING  | aiogram.dispatcher | Sleep for 5.025894 seconds and try again... (tryings = 117, bot id = 8839138509)
2026-08-03 22:24:56 | ERROR    | aiogram.dispatcher | Failed to fetch updates - TelegramConflictError: Telegram server says - Conflict: terminated by other getUpdates request; make sure that only one bot instance is running
2026-08-03 22:24:56 | WARNING  | aiogram.dispatcher | Sleep for 5.029762 seconds and try again... (tryings = 139, bot id = 8839138509)
2026-08-03 22:24:58 | ERROR    | aiogram.dispatcher | Failed to fetch updates - TelegramConflictError: Telegram server says - Conflict: terminated by other getUpdates request; make sure that only one bot instance is running
2026-08-03 22:24:58 | WARNING  | aiogram.dispatcher | Sleep for 4.979134 seconds and try again... (tryings = 151, bot id = 8839138509)
2026-08-03 22:25:01 | ERROR    | aiogram.dispatcher | Failed to fetch updates - TelegramConflictError: Telegram server says - Conflict: terminated by other getUpdates request; make sure that only one bot instance is running
2026-08-03 22:25:01 | WARNING  | aiogram.dispatcher | Sleep for 5.105720 seconds and try again... (tryings = 118, bot id = 8839138509)
2026-08-03 22:25:01 | ERROR    | aiogram.dispatcher | Failed to fetch updates - TelegramConflictError: Telegram server says - Conflict: terminated by other getUpdates request; make sure that only one bot instance is running
2026-08-03 22:25:01 | WARNING  | aiogram.dispatcher | Sleep for 5.114491 seconds and try again... (tryings = 154, bot id = 8839138509)
2026-08-03 22:25:06 | ERROR    | aiogram.dispatcher | Failed to fetch updates - TelegramConflictError: Telegram server says - Conflict: terminated by other getUpdates request; make sure that only one bot instance is running
2026-08-03 22:25:06 | WARNING  | aiogram.dispatcher | Sleep for 4.886978 seconds and try again... (tryings = 140, bot id = 8839138509)
2026-08-03 22:25:06 | ERROR    | aiogram.dispatcher | Failed to fetch updates - TelegramConflictError: Telegram server says - Conflict: terminated by other getUpdates request; make sure that only one bot instance is running
2026-08-03 22:25:06 | WARNING  | aiogram.dispatcher | Sleep for 4.847582 seconds and try again... (tryings = 152, bot id = 8839138509)
2026-08-03 22:25:09 | ERROR    | aiogram.dispatcher | Failed to fetch updates - TelegramConflictError: Telegram server says - Conflict: terminated by other getUpdates request; make sure that only one bot instance is running
2026-08-03 22:25:09 | WARNING  | aiogram.dispatcher | Sleep for 4.967604 seconds and try again... (tryings = 119, bot id = 8839138509)
2026-08-03 22:25:11 | ERROR    | aiogram.dispatcher | Failed to fetch updates - TelegramConflictError: Telegram server says - Conflict: terminated by other getUpdates request; make sure that only one bot instance is running
2026-08-03 22:25:11 | WARNING  | aiogram.dispatcher | Sleep for 4.974516 seconds and try again... (tryings = 155, bot id = 8839138509)
2026-08-03 22:25:14 | ERROR    | aiogram.dispatcher | Failed to fetch updates - TelegramConflictError: Telegram server says - Conflict: terminated by other getUpdates request; make sure that only one bot instance is running
2026-08-03 22:25:14 | WARNING  | aiogram.dispatcher | Sleep for 4.883709 seconds and try again... (tryings = 141, bot id = 8839138509)
2026-08-03 22:25:14 | ERROR    | aiogram.dispatcher | Failed to fetch updates - TelegramConflictError: Telegram server says - Conflict: terminated by other getUpdates request; make sure that only one bot instance is running
2026-08-03 22:25:14 | WARNING  | aiogram.dispatcher | Sleep for 5.045314 seconds and try again... (tryings = 153, bot id = 8839138509)
2026-08-03 22:25:19 | ERROR    | aiogram.dispatcher | Failed to fetch updates - TelegramConflictError: Telegram server says - Conflict: terminated by other getUpdates request; make sure that only one bot instance is running
2026-08-03 22:25:19 | WARNING  | aiogram.dispatcher | Sleep for 4.914464 seconds and try again... (tryings = 120, bot id = 8839138509)
2026-08-03 22:25:19 | ERROR    | aiogram.dispatcher | Failed to fetch updates - TelegramConflictError: Telegram server says - Conflict: terminated by other getUpdates request; make sure that only one bot instance is running
2026-08-03 22:25:19 | WARNING  | aiogram.dispatcher | Sleep for 4.947531 seconds and try again... (tryings = 156, bot id = 8839138509)
2026-08-03 22:25:23 | ERROR    | aiogram.dispatcher | Failed to fetch updates - TelegramConflictError: Telegram server says - Conflict: terminated by other getUpdates request; make sure that only one bot instance is running
2026-08-03 22:25:23 | WARNING  | aiogram.dispatcher | Sleep for 4.898642 seconds and try again... (tryings = 142, bot id = 8839138509)
2026-08-03 22:25:24 | ERROR    | aiogram.dispatcher | Failed to fetch updates - TelegramConflictError: Telegram server says - Conflict: terminated by other getUpdates request; make sure that only one bot instance is running
2026-08-03 22:25:24 | WARNING  | aiogram.dispatcher | Sleep for 4.781486 seconds and try again... (tryings = 154, bot id = 8839138509)
2026-08-03 22:25:27 | ERROR    | aiogram.dispatcher | Failed to fetch updates - TelegramConflictError: Telegram server says - Conflict: terminated by other getUpdates request; make sure that only one bot instance is running
2026-08-03 22:25:27 | WARNING  | aiogram.dispatcher | Sleep for 4.915609 seconds and try again... (tryings = 121, bot id = 8839138509)
2026-08-03 22:25:28 | ERROR    | aiogram.dispatcher | Failed to fetch updates - TelegramConflictError: Telegram server says - Conflict: terminated by other getUpdates request; make sure that only one bot instance is running
2026-08-03 22:25:28 | WARNING  | aiogram.dispatcher | Sleep for 4.927542 seconds and try again... (tryings = 157, bot id = 8839138509)
2026-08-03 22:25:32 | ERROR    | aiogram.dispatcher | Failed to fetch updates - TelegramConflictError: Telegram server says - Conflict: terminated by other getUpdates request; make sure that only one bot instance is running
2026-08-03 22:25:32 | WARNING  | aiogram.dispatcher | Sleep for 5.010747 seconds and try again... (tryings = 143, bot id = 8839138509)
2026-08-03 22:25:32 | ERROR    | aiogram.dispatcher | Failed to fetch updates - TelegramConflictError: Telegram server says - Conflict: terminated by other getUpdates request; make sure that only one bot instance is running
2026-08-03 22:25:32 | WARNING  | aiogram.dispatcher | Sleep for 4.906664 seconds and try again... (tryings = 155, bot id = 8839138509)
2026-08-03 22:25:36 | ERROR    | aiogram.dispatcher | Failed to fetch updates - TelegramConflictError: Telegram server says - Conflict: terminated by other getUpdates request; make sure that only one bot instance is running
2026-08-03 22:25:36 | WARNING  | aiogram.dispatcher | Sleep for 5.015319 seconds and try again... (tryings = 122, bot id = 8839138509)
2026-08-03 22:25:37 | ERROR    | aiogram.dispatcher | Failed to fetch updates - TelegramConflictError: Telegram server says - Conflict: terminated by other getUpdates request; make sure that only one bot instance is running
2026-08-03 22:25:37 | WARNING  | aiogram.dispatcher | Sleep for 4.951410 seconds and try again... (tryings = 158, bot id = 8839138509)
2026-08-03 22:25:40 | ERROR    | aiogram.dispatcher | Failed to fetch updates - TelegramConflictError: Telegram server says - Conflict: terminated by other getUpdates request; make sure that only one bot instance is running
2026-08-03 22:25:40 | WARNING  | aiogram.dispatcher | Sleep for 5.063834 seconds and try again... (tryings = 144, bot id = 8839138509)
2026-08-03 22:25:41 | ERROR    | aiogram.dispatcher | Failed to fetch updates - TelegramConflictError: Telegram server says - Conflict: terminated by other getUpdates request; make sure that only one bot instance is running
2026-08-03 22:25:41 | WARNING  | aiogram.dispatcher | Sleep for 5.018938 seconds and try again... (tryings = 156, bot id = 8839138509)
2026-08-03 22:25:45 | ERROR    | aiogram.dispatcher | Failed to fetch updates - TelegramConflictError: Telegram server says - Conflict: terminated by other getUpdates request; make sure that only one bot instance is running
2026-08-03 22:25:45 | WARNING  | aiogram.dispatcher | Sleep for 5.000291 seconds and try again... (tryings = 123, bot id = 8839138509)
2026-08-03 22:25:45 | ERROR    | aiogram.dispatcher | Failed to fetch updates - TelegramConflictError: Telegram server says - Conflict: terminated by other getUpdates request; make sure that only one bot instance is running
2026-08-03 22:25:45 | WARNING  | aiogram.dispatcher | Sleep for 4.972808 seconds and try again... (tryings = 159, bot id = 8839138509)
2026-08-03 22:25:49 | ERROR    | aiogram.dispatcher | Failed to fetch updates - TelegramConflictError: Telegram server says - Conflict: terminated by other getUpdates request; make sure that only one bot instance is running
2026-08-03 22:25:49 | WARNING  | aiogram.dispatcher | Sleep for 4.890063 seconds and try again... (tryings = 145, bot id = 8839138509)
2026-08-03 22:25:50 | ERROR    | aiogram.dispatcher | Failed to fetch updates - TelegramConflictError: Telegram server says - Conflict: terminated by other getUpdates request; make sure that only one bot instance is running
2026-08-03 22:25:50 | WARNING  | aiogram.dispatcher | Sleep for 4.932952 seconds and try again... (tryings = 157, bot id = 8839138509)
2026-08-03 22:25:53 | ERROR    | aiogram.dispatcher | Failed to fetch updates - TelegramConflictError: Telegram server says - Conflict: terminated by other getUpdates request; make sure that only one bot instance is running
2026-08-03 22:25:53 | WARNING  | aiogram.dispatcher | Sleep for 5.056468 seconds and try again... (tryings = 124, bot id = 8839138509)
2026-08-03 22:25:54 | ERROR    | aiogram.dispatcher | Failed to fetch updates - TelegramConflictError: Telegram server says - Conflict: terminated by other getUpdates request; make sure that only one bot instance is running
2026-08-03 22:25:54 | WARNING  | aiogram.dispatcher | Sleep for 5.142017 seconds and try again... (tryings = 160, bot id = 8839138509)
2026-08-03 22:25:58 | ERROR    | aiogram.dispatcher | Failed to fetch updates - TelegramConflictError: Telegram server says - Conflict: terminated by other getUpdates request; make sure that only one bot instance is running
2026-08-03 22:25:58 | WARNING  | aiogram.dispatcher | Sleep for 5.160906 seconds and try again... (tryings = 146, bot id = 8839138509)
2026-08-03 22:25:58 | ERROR    | aiogram.dispatcher | Failed to fetch updates - TelegramConflictError: Telegram server says - Conflict: terminated by other getUpdates request; make sure that only one bot instance is running
2026-08-03 22:25:58 | WARNING  | aiogram.dispatcher | Sleep for 4.822679 seconds and try again... (tryings = 158, bot id = 8839138509)
2026-08-03 22:26:02 | ERROR    | aiogram.dispatcher | Failed to fetch updates - TelegramConflictError: Telegram server says - Conflict: terminated by other getUpdates request; make sure that only one bot instance is running
2026-08-03 22:26:02 | WARNING  | aiogram.dispatcher | Sleep for 4.925789 seconds and try again... (tryings = 125, bot id = 8839138509)
2026-08-03 22:26:03 | ERROR    | aiogram.dispatcher | Failed to fetch updates - TelegramConflictError: Telegram server says - Conflict: terminated by other getUpdates request; make sure that only one bot instance is running
2026-08-03 22:26:03 | WARNING  | aiogram.dispatcher | Sleep for 5.121938 seconds and try again... (tryings = 161, bot id = 8839138509)
2026-08-03 22:26:06 | ERROR    | aiogram.dispatcher | Failed to fetch updates - TelegramConflictError: Telegram server says - Conflict: terminated by other getUpdates request; make sure that only one bot instance is running
2026-08-03 22:26:06 | WARNING  | aiogram.dispatcher | Sleep for 5.051960 seconds and try again... (tryings = 147, bot id = 8839138509)
2026-08-03 22:26:07 | ERROR    | aiogram.dispatcher | Failed to fetch updates - TelegramConflictError: Telegram server says - Conflict: terminated by other getUpdates request; make sure that only one bot instance is running
2026-08-03 22:26:07 | WARNING  | aiogram.dispatcher | Sleep for 4.872102 seconds and try again... (tryings = 159, bot id = 8839138509)
2026-08-03 22:26:11 | ERROR    | aiogram.dispatcher | Failed to fetch updates - TelegramConflictError: Telegram server says - Conflict: terminated by other getUpdates request; make sure that only one bot instance is running
2026-08-03 22:26:11 | WARNING  | aiogram.dispatcher | Sleep for 4.984362 seconds and try again... (tryings = 162, bot id = 8839138509)
2026-08-03 22:26:11 | ERROR    | aiogram.dispatcher | Failed to fetch updates - TelegramConflictError: Telegram server says - Conflict: terminated by other getUpdates request; make sure that only one bot instance is running
2026-08-03 22:26:11 | WARNING  | aiogram.dispatcher | Sleep for 4.897060 seconds and try again... (tryings = 126, bot id = 8839138509)
2026-08-03 22:26:15 | ERROR    | aiogram.dispatcher | Failed to fetch updates - TelegramConflictError: Telegram server says - Conflict: terminated by other getUpdates request; make sure that only one bot instance is running
2026-08-03 22:26:15 | WARNING  | aiogram.dispatcher | Sleep for 4.878327 seconds and try again... (tryings = 148, bot id = 8839138509)
2026-08-03 22:26:16 | ERROR    | aiogram.dispatcher | Failed to fetch updates - TelegramConflictError: Telegram server says - Conflict: terminated by other getUpdates request; make sure that only one bot instance is running
2026-08-03 22:26:16 | WARNING  | aiogram.dispatcher | Sleep for 4.874583 seconds and try again... (tryings = 160, bot id = 8839138509)
2026-08-03 22:26:19 | ERROR    | aiogram.dispatcher | Failed to fetch updates - TelegramConflictError: Telegram server says - Conflict: terminated by other getUpdates request; make sure that only one bot instance is running
2026-08-03 22:26:19 | WARNING  | aiogram.dispatcher | Sleep for 5.129131 seconds and try again... (tryings = 127, bot id = 8839138509)
2026-08-03 22:26:20 | ERROR    | aiogram.dispatcher | Failed to fetch updates - TelegramConflictError: Telegram server says - Conflict: terminated by other getUpdates request; make sure that only one bot instance is running
2026-08-03 22:26:20 | WARNING  | aiogram.dispatcher | Sleep for 5.012184 seconds and try again... (tryings = 163, bot id = 8839138509)
2026-08-03 22:26:24 | ERROR    | aiogram.dispatcher | Failed to fetch updates - TelegramConflictError: Telegram server says - Conflict: terminated by other getUpdates request; make sure that only one bot instance is running
2026-08-03 22:26:24 | WARNING  | aiogram.dispatcher | Sleep for 5.132774 seconds and try again... (tryings = 149, bot id = 8839138509)
2026-08-03 22:26:24 | ERROR    | aiogram.dispatcher | Failed to fetch updates - TelegramConflictError: Telegram server says - Conflict: terminated by other getUpdates request; make sure that only one bot instance is running
2026-08-03 22:26:24 | WARNING  | aiogram.dispatcher | Sleep for 5.271771 seconds and try again... (tryings = 161, bot id = 8839138509)
2026-08-03 22:26:28 | ERROR    | aiogram.dispatcher | Failed to fetch updates - TelegramConflictError: Telegram server says - Conflict: terminated by other getUpdates request; make sure that only one bot instance is running
2026-08-03 22:26:28 | WARNING  | aiogram.dispatcher | Sleep for 4.969299 seconds and try again... (tryings = 128, bot id = 8839138509)
2026-08-03 22:26:29 | ERROR    | aiogram.dispatcher | Failed to fetch updates - TelegramConflictError: Telegram server says - Conflict: terminated by other getUpdates request; make sure that only one bot instance is running
2026-08-03 22:26:29 | WARNING  | aiogram.dispatcher | Sleep for 4.945815 seconds and try again... (tryings = 164, bot id = 8839138509)
2026-08-03 22:26:33 | ERROR    | aiogram.dispatcher | Failed to fetch updates - TelegramConflictError: Telegram server says - Conflict: terminated by other getUpdates request; make sure that only one bot instance is running
2026-08-03 22:26:33 | WARNING  | aiogram.dispatcher | Sleep for 5.050844 seconds and try again... (tryings = 150, bot id = 8839138509)
2026-08-03 22:26:33 | ERROR    | aiogram.dispatcher | Failed to fetch updates - TelegramConflictError: Telegram server says - Conflict: terminated by other getUpdates request; make sure that only one bot instance is running
2026-08-03 22:26:33 | WARNING  | aiogram.dispatcher | Sleep for 5.046041 seconds and try again... (tryings = 162, bot id = 8839138509)
2026-08-03 22:26:37 | ERROR    | aiogram.dispatcher | Failed to fetch updates - TelegramConflictError: Telegram server says - Conflict: terminated by other getUpdates request; make sure that only one bot instance is running
2026-08-03 22:26:37 | WARNING  | aiogram.dispatcher | Sleep for 4.996655 seconds and try again... (tryings = 129, bot id = 8839138509)
2026-08-03 22:26:38 | ERROR    | aiogram.dispatcher | Failed to fetch updates - TelegramConflictError: Telegram server says - Conflict: terminated by other getUpdates request; make sure that only one bot instance is running
2026-08-03 22:26:38 | WARNING  | aiogram.dispatcher | Sleep for 4.893885 seconds and try again... (tryings = 165, bot id = 8839138509)
2026-08-03 22:26:41 | ERROR    | aiogram.dispatcher | Failed to fetch updates - TelegramConflictError: Telegram server says - Conflict: terminated by other getUpdates request; make sure that only one bot instance is running
2026-08-03 22:26:41 | WARNING  | aiogram.dispatcher | Sleep for 5.097078 seconds and try again... (tryings = 151, bot id = 8839138509)
2026-08-03 22:26:42 | ERROR    | aiogram.dispatcher | Failed to fetch updates - TelegramConflictError: Telegram server says - Conflict: terminated by other getUpdates request; make sure that only one bot instance is running
2026-08-03 22:26:42 | WARNING  | aiogram.dispatcher | Sleep for 5.091130 seconds and try again... (tryings = 163, bot id = 8839138509)
2026-08-03 22:26:46 | ERROR    | aiogram.dispatcher | Failed to fetch updates - TelegramConflictError: Telegram server says - Conflict: terminated by other getUpdates request; make sure that only one bot instance is running
2026-08-03 22:26:46 | WARNING  | aiogram.dispatcher | Sleep for 4.943811 seconds and try again... (tryings = 130, bot id = 8839138509)
2026-08-03 22:26:46 | ERROR    | aiogram.dispatcher | Failed to fetch updates - TelegramConflictError: Telegram server says - Conflict: terminated by other getUpdates request; make sure that only one bot instance is running
2026-08-03 22:26:46 | WARNING  | aiogram.dispatcher | Sleep for 5.045245 seconds and try again... (tryings = 166, bot id = 8839138509)
2026-08-03 22:26:51 | ERROR    | aiogram.dispatcher | Failed to fetch updates - TelegramConflictError: Telegram server says - Conflict: terminated by other getUpdates request; make sure that only one bot instance is running
2026-08-03 22:26:51 | WARNING  | aiogram.dispatcher | Sleep for 4.982675 seconds and try again... (tryings = 152, bot id = 8839138509)
2026-08-03 22:26:51 | ERROR    | aiogram.dispatcher | Failed to fetch updates - TelegramConflictError: Telegram server says - Conflict: terminated by other getUpdates request; make sure that only one bot instance is running
2026-08-03 22:26:51 | WARNING  | aiogram.dispatcher | Sleep for 4.844436 seconds and try again... (tryings = 164, bot id = 8839138509)
2026-08-03 22:26:54 | ERROR    | aiogram.dispatcher | Failed to fetch updates - TelegramConflictError: Telegram server says - Conflict: terminated by other getUpdates request; make sure that only one bot instance is running
2026-08-03 22:26:54 | WARNING  | aiogram.dispatcher | Sleep for 5.117655 seconds and try again... (tryings = 131, bot id = 8839138509)
2026-08-03 22:26:56 | ERROR    | aiogram.dispatcher | Failed to fetch updates - TelegramConflictError: Telegram server says - Conflict: terminated by other getUpdates request; make sure that only one bot instance is running
2026-08-03 22:26:56 | WARNING  | aiogram.dispatcher | Sleep for 4.960163 seconds and try again... (tryings = 167, bot id = 8839138509)
2026-08-03 22:26:59 | ERROR    | aiogram.dispatcher | Failed to fetch updates - TelegramConflictError: Telegram server says - Conflict: terminated by other getUpdates request; make sure that only one bot instance is running
2026-08-03 22:26:59 | WARNING  | aiogram.dispatcher | Sleep for 4.942553 seconds and try again... (tryings = 153, bot id = 8839138509)
2026-08-03 22:27:00 | ERROR    | aiogram.dispatcher | Failed to fetch updates - TelegramConflictError: Telegram server says - Conflict: terminated by other getUpdates request; make sure that only one bot instance is running
2026-08-03 22:27:00 | WARNING  | aiogram.dispatcher | Sleep for 5.120738 seconds and try again... (tryings = 165, bot id = 8839138509)
2026-08-03 22:27:04 | ERROR    | aiogram.dispatcher | Failed to fetch updates - TelegramConflictError: Telegram server says - Conflict: terminated by other getUpdates request; make sure that only one bot instance is running
2026-08-03 22:27:04 | WARNING  | aiogram.dispatcher | Sleep for 5.129997 seconds and try again... (tryings = 132, bot id = 8839138509)
2026-08-03 22:27:04 | ERROR    | aiogram.dispatcher | Failed to fetch updates - TelegramConflictError: Telegram server says - Conflict: terminated by other getUpdates request; make sure that only one bot instance is running
2026-08-03 22:27:04 | WARNING  | aiogram.dispatcher | Sleep for 4.882686 seconds and try again... (tryings = 168, bot id = 8839138509)
2026-08-03 22:27:08 | ERROR    | aiogram.dispatcher | Failed to fetch updates - TelegramConflictError: Telegram server says - Conflict: terminated by other getUpdates request; make sure that only one bot instance is running
2026-08-03 22:27:08 | WARNING  | aiogram.dispatcher | Sleep for 4.990074 seconds and try again... (tryings = 154, bot id = 8839138509)
2026-08-03 22:27:09 | ERROR    | aiogram.dispatcher | Failed to fetch updates - TelegramConflictError: Telegram server says - Conflict: terminated by other getUpdates request; make sure that only one bot instance is running
2026-08-03 22:27:09 | WARNING  | aiogram.dispatcher | Sleep for 5.084253 seconds and try again... (tryings = 166, bot id = 8839138509)
2026-08-03 22:27:12 | ERROR    | aiogram.dispatcher | Failed to fetch updates - TelegramConflictError: Telegram server says - Conflict: terminated by other getUpdates request; make sure that only one bot instance is running
2026-08-03 22:27:12 | WARNING  | aiogram.dispatcher | Sleep for 5.033419 seconds and try again... (tryings = 169, bot id = 8839138509)
2026-08-03 22:27:13 | ERROR    | aiogram.dispatcher | Failed to fetch updates - TelegramConflictError: Telegram server says - Conflict: terminated by other getUpdates request; make sure that only one bot instance is running
2026-08-03 22:27:13 | WARNING  | aiogram.dispatcher | Sleep for 5.004582 seconds and try again... (tryings = 133, bot id = 8839138509)
2026-08-03 22:27:17 | ERROR    | aiogram.dispatcher | Failed to fetch updates - TelegramConflictError: Telegram server says - Conflict: terminated by other getUpdates request; make sure that only one bot instance is running
2026-08-03 22:27:17 | WARNING  | aiogram.dispatcher | Sleep for 4.959631 seconds and try again... (tryings = 155, bot id = 8839138509)
2026-08-03 22:27:17 | ERROR    | aiogram.dispatcher | Failed to fetch updates - TelegramConflictError: Telegram server says - Conflict: terminated by other getUpdates request; make sure that only one bot instance is running
2026-08-03 22:27:17 | WARNING  | aiogram.dispatcher | Sleep for 4.960133 seconds and try again... (tryings = 167, bot id = 8839138509)
2026-08-03 22:27:21 | ERROR    | aiogram.dispatcher | Failed to fetch updates - TelegramConflictError: Telegram server says - Conflict: terminated by other getUpdates request; make sure that only one bot instance is running
2026-08-03 22:27:21 | WARNING  | aiogram.dispatcher | Sleep for 4.801636 seconds and try again... (tryings = 170, bot id = 8839138509)
2026-08-03 22:27:22 | ERROR    | aiogram.dispatcher | Failed to fetch updates - TelegramConflictError: Telegram server says - Conflict: terminated by other getUpdates request; make sure that only one bot instance is running
2026-08-03 22:27:22 | WARNING  | aiogram.dispatcher | Sleep for 4.966644 seconds and try again... (tryings = 134, bot id = 8839138509)
2026-08-03 22:27:25 | ERROR    | aiogram.dispatcher | Failed to fetch updates - TelegramConflictError: Telegram server says - Conflict: terminated by other getUpdates request; make sure that only one bot instance is running
2026-08-03 22:27:25 | WARNING  | aiogram.dispatcher | Sleep for 4.996270 seconds and try again... (tryings = 156, bot id = 8839138509)
2026-08-03 22:27:26 | ERROR    | aiogram.dispatcher | Failed to fetch updates - TelegramConflictError: Telegram server says - Conflict: terminated by other getUpdates request; make sure that only one bot instance is running
2026-08-03 22:27:26 | WARNING  | aiogram.dispatcher | Sleep for 4.972120 seconds and try again... (tryings = 168, bot id = 8839138509)
2026-08-03 22:27:30 | ERROR    | aiogram.dispatcher | Failed to fetch updates - TelegramConflictError: Telegram server says - Conflict: terminated by other getUpdates request; make sure that only one bot instance is running
2026-08-03 22:27:30 | WARNING  | aiogram.dispatcher | Sleep for 5.018507 seconds and try again... (tryings = 171, bot id = 8839138509)
2026-08-03 22:27:30 | ERROR    | aiogram.dispatcher | Failed to fetch updates - TelegramConflictError: Telegram server says - Conflict: terminated by other getUpdates request; make sure that only one bot instance is running
2026-08-03 22:27:30 | WARNING  | aiogram.dispatcher | Sleep for 5.089007 seconds and try again... (tryings = 135, bot id = 8839138509)
2026-08-03 22:27:34 | ERROR    | aiogram.dispatcher | Failed to fetch updates - TelegramConflictError: Telegram server says - Conflict: terminated by other getUpdates request; make sure that only one bot instance is running
2026-08-03 22:27:34 | WARNING  | aiogram.dispatcher | Sleep for 5.080421 seconds and try again... (tryings = 157, bot id = 8839138509)
2026-08-03 22:27:35 | ERROR    | aiogram.dispatcher | Failed to fetch updates - TelegramConflictError: Telegram server says - Conflict: terminated by other getUpdates request; make sure that only one bot instance is running
2026-08-03 22:27:35 | WARNING  | aiogram.dispatcher | Sleep for 4.842035 seconds and try again... (tryings = 169, bot id = 8839138509)
2026-08-03 22:27:38 | ERROR    | aiogram.dispatcher | Failed to fetch updates - TelegramConflictError: Telegram server says - Conflict: terminated by other getUpdates request; make sure that only one bot instance is running
2026-08-03 22:27:38 | WARNING  | aiogram.dispatcher | Sleep for 4.962623 seconds and try again... (tryings = 172, bot id = 8839138509)
2026-08-03 22:27:39 | ERROR    | aiogram.dispatcher | Failed to fetch updates - TelegramConflictError: Telegram server says - Conflict: terminated by other getUpdates request; make sure that only one bot instance is running
2026-08-03 22:27:39 | WARNING  | aiogram.dispatcher | Sleep for 5.031140 seconds and try again... (tryings = 136, bot id = 8839138509)
2026-08-03 22:27:43 | ERROR    | aiogram.dispatcher | Failed to fetch updates - TelegramConflictError: Telegram server says - Conflict: terminated by other getUpdates request; make sure that only one bot instance is running
2026-08-03 22:27:43 | WARNING  | aiogram.dispatcher | Sleep for 5.094131 seconds and try again... (tryings = 158, bot id = 8839138509)
2026-08-03 22:27:43 | ERROR    | aiogram.dispatcher | Failed to fetch updates - TelegramConflictError: Telegram server says - Conflict: terminated by other getUpdates request; make sure that only one bot instance is running
2026-08-03 22:27:43 | WARNING  | aiogram.dispatcher | Sleep for 4.982796 seconds and try again... (tryings = 170, bot id = 8839138509)
2026-08-03 22:27:47 | ERROR    | aiogram.dispatcher | Failed to fetch updates - TelegramConflictError: Telegram server says - Conflict: terminated by other getUpdates request; make sure that only one bot instance is running
2026-08-03 22:27:47 | WARNING  | aiogram.dispatcher | Sleep for 5.046951 seconds and try again... (tryings = 173, bot id = 8839138509)
2026-08-03 22:27:48 | ERROR    | aiogram.dispatcher | Failed to fetch updates - TelegramConflictError: Telegram server says - Conflict: terminated by other getUpdates request; make sure that only one bot instance is running
2026-08-03 22:27:48 | WARNING  | aiogram.dispatcher | Sleep for 4.988751 seconds and try again... (tryings = 137, bot id = 8839138509)
2026-08-03 22:27:51 | ERROR    | aiogram.dispatcher | Failed to fetch updates - TelegramConflictError: Telegram server says - Conflict: terminated by other getUpdates request; make sure that only one bot instance is running
2026-08-03 22:27:51 | WARNING  | aiogram.dispatcher | Sleep for 5.146281 seconds and try again... (tryings = 159, bot id = 8839138509)
2026-08-03 22:27:52 | ERROR    | aiogram.dispatcher | Failed to fetch updates - TelegramConflictError: Telegram server says - Conflict: terminated by other getUpdates request; make sure that only one bot instance is running
2026-08-03 22:27:52 | WARNING  | aiogram.dispatcher | Sleep for 5.069108 seconds and try again... (tryings = 171, bot id = 8839138509)
2026-08-03 22:27:56 | ERROR    | aiogram.dispatcher | Failed to fetch updates - TelegramConflictError: Telegram server says - Conflict: terminated by other getUpdates request; make sure that only one bot instance is running
2026-08-03 22:27:56 | WARNING  | aiogram.dispatcher | Sleep for 4.831206 seconds and try again... (tryings = 174, bot id = 8839138509)
2026-08-03 22:27:57 | ERROR    | aiogram.dispatcher | Failed to fetch updates - TelegramConflictError: Telegram server says - Conflict: terminated by other getUpdates request; make sure that only one bot instance is running
2026-08-03 22:27:57 | WARNING  | aiogram.dispatcher | Sleep for 4.977521 seconds and try again... (tryings = 138, bot id = 8839138509)
2026-08-03 22:28:01 | ERROR    | aiogram.dispatcher | Failed to fetch updates - TelegramConflictError: Telegram server says - Conflict: terminated by other getUpdates request; make sure that only one bot instance is running
2026-08-03 22:28:01 | WARNING  | aiogram.dispatcher | Sleep for 5.070509 seconds and try again... (tryings = 160, bot id = 8839138509)
2026-08-03 22:28:01 | ERROR    | aiogram.dispatcher | Failed to fetch updates - TelegramConflictError: Telegram server says - Conflict: terminated by other getUpdates request; make sure that only one bot instance is running
2026-08-03 22:28:01 | WARNING  | aiogram.dispatcher | Sleep for 4.987955 seconds and try again... (tryings = 172, bot id = 8839138509)
2026-08-03 22:28:05 | ERROR    | aiogram.dispatcher | Failed to fetch updates - TelegramConflictError: Telegram server says - Conflict: terminated by other getUpdates request; make sure that only one bot instance is running
2026-08-03 22:28:05 | WARNING  | aiogram.dispatcher | Sleep for 4.910847 seconds and try again... (tryings = 175, bot id = 8839138509)
2026-08-03 22:28:06 | ERROR    | aiogram.dispatcher | Failed to fetch updates - TelegramConflictError: Telegram server says - Conflict: terminated by other getUpdates request; make sure that only one bot instance is running
2026-08-03 22:28:06 | WARNING  | aiogram.dispatcher | Sleep for 4.879576 seconds and try again... (tryings = 139, bot id = 8839138509)
2026-08-03 22:28:09 | ERROR    | aiogram.dispatcher | Failed to fetch updates - TelegramConflictError: Telegram server says - Conflict: terminated by other getUpdates request; make sure that only one bot instance is running
2026-08-03 22:28:09 | WARNING  | aiogram.dispatcher | Sleep for 4.819883 seconds and try again... (tryings = 161, bot id = 8839138509)
2026-08-03 22:28:10 | ERROR    | aiogram.dispatcher | Failed to fetch updates - TelegramConflictError: Telegram server says - Conflict: terminated by other getUpdates request; make sure that only one bot instance is running
2026-08-03 22:28:10 | WARNING  | aiogram.dispatcher | Sleep for 4.898973 seconds and try again... (tryings = 173, bot id = 8839138509)
2026-08-03 22:28:14 | ERROR    | aiogram.dispatcher | Failed to fetch updates - TelegramConflictError: Telegram server says - Conflict: terminated by other getUpdates request; make sure that only one bot instance is running
2026-08-03 22:28:14 | WARNING  | aiogram.dispatcher | Sleep for 4.989793 seconds and try again... (tryings = 176, bot id = 8839138509)
2026-08-03 22:28:14 | ERROR    | aiogram.dispatcher | Failed to fetch updates - TelegramConflictError: Telegram server says - Conflict: terminated by other getUpdates request; make sure that only one bot instance is running
2026-08-03 22:28:14 | WARNING  | aiogram.dispatcher | Sleep for 5.029166 seconds and try again... (tryings = 140, bot id = 8839138509)
2026-08-03 22:28:18 | ERROR    | aiogram.dispatcher | Failed to fetch updates - TelegramConflictError: Telegram server says - Conflict: terminated by other getUpdates request; make sure that only one bot instance is running
2026-08-03 22:28:18 | WARNING  | aiogram.dispatcher | Sleep for 5.021799 seconds and try again... (tryings = 162, bot id = 8839138509)
2026-08-03 22:28:19 | ERROR    | aiogram.dispatcher | Failed to fetch updates - TelegramConflictError: Telegram server says - Conflict: terminated by other getUpdates request; make sure that only one bot instance is running
2026-08-03 22:28:19 | WARNING  | aiogram.dispatcher | Sleep for 4.898536 seconds and try again... (tryings = 174, bot id = 8839138509)
2026-08-03 22:28:22 | ERROR    | aiogram.dispatcher | Failed to fetch updates - TelegramConflictError: Telegram server says - Conflict: terminated by other getUpdates request; make sure that only one bot instance is running
2026-08-03 22:28:22 | WARNING  | aiogram.dispatcher | Sleep for 4.886647 seconds and try again... (tryings = 177, bot id = 8839138509)
2026-08-03 22:28:23 | ERROR    | aiogram.dispatcher | Failed to fetch updates - TelegramConflictError: Telegram server says - Conflict: terminated by other getUpdates request; make sure that only one bot instance is running
2026-08-03 22:28:23 | WARNING  | aiogram.dispatcher | Sleep for 5.078025 seconds and try again... (tryings = 141, bot id = 8839138509)
2026-08-03 22:28:27 | ERROR    | aiogram.dispatcher | Failed to fetch updates - TelegramConflictError: Telegram server says - Conflict: terminated by other getUpdates request; make sure that only one bot instance is running
2026-08-03 22:28:27 | WARNING  | aiogram.dispatcher | Sleep for 4.913429 seconds and try again... (tryings = 163, bot id = 8839138509)
2026-08-03 22:28:27 | ERROR    | aiogram.dispatcher | Failed to fetch updates - TelegramConflictError: Telegram server says - Conflict: terminated by other getUpdates request; make sure that only one bot instance is running
2026-08-03 22:28:27 | WARNING  | aiogram.dispatcher | Sleep for 5.039076 seconds and try again... (tryings = 175, bot id = 8839138509)
2026-08-03 22:28:31 | ERROR    | aiogram.dispatcher | Failed to fetch updates - TelegramConflictError: Telegram server says - Conflict: terminated by other getUpdates request; make sure that only one bot instance is running
2026-08-03 22:28:31 | WARNING  | aiogram.dispatcher | Sleep for 5.015802 seconds and try again... (tryings = 178, bot id = 8839138509)
2026-08-03 22:28:32 | ERROR    | aiogram.dispatcher | Failed to fetch updates - TelegramConflictError: Telegram server says - Conflict: terminated by other getUpdates request; make sure that only one bot instance is running
2026-08-03 22:28:32 | WARNING  | aiogram.dispatcher | Sleep for 4.978017 seconds and try again... (tryings = 142, bot id = 8839138509)
2026-08-03 22:28:35 | ERROR    | aiogram.dispatcher | Failed to fetch updates - TelegramConflictError: Telegram server says - Conflict: terminated by other getUpdates request; make sure that only one bot instance is running
2026-08-03 22:28:35 | WARNING  | aiogram.dispatcher | Sleep for 5.142864 seconds and try again... (tryings = 164, bot id = 8839138509)
2026-08-03 22:28:36 | ERROR    | aiogram.dispatcher | Failed to fetch updates - TelegramConflictError: Telegram server says - Conflict: terminated by other getUpdates request; make sure that only one bot instance is running
2026-08-03 22:28:36 | WARNING  | aiogram.dispatcher | Sleep for 5.007282 seconds and try again... (tryings = 176, bot id = 8839138509)
2026-08-03 22:28:40 | ERROR    | aiogram.dispatcher | Failed to fetch updates - TelegramConflictError: Telegram server says - Conflict: terminated by other getUpdates request; make sure that only one bot instance is running
2026-08-03 22:28:40 | WARNING  | aiogram.dispatcher | Sleep for 5.010730 seconds and try again... (tryings = 179, bot id = 8839138509)
2026-08-03 22:28:41 | ERROR    | aiogram.dispatcher | Failed to fetch updates - TelegramConflictError: Telegram server says - Conflict: terminated by other getUpdates request; make sure that only one bot instance is running
2026-08-03 22:28:41 | WARNING  | aiogram.dispatcher | Sleep for 5.196963 seconds and try again... (tryings = 143, bot id = 8839138509)
2026-08-03 22:28:44 | ERROR    | aiogram.dispatcher | Failed to fetch updates - TelegramConflictError: Telegram server says - Conflict: terminated by other getUpdates request; make sure that only one bot instance is running
2026-08-03 22:28:44 | WARNING  | aiogram.dispatcher | Sleep for 5.123295 seconds and try again... (tryings = 165, bot id = 8839138509)
2026-08-03 22:28:45 | ERROR    | aiogram.dispatcher | Failed to fetch updates - TelegramConflictError: Telegram server says - Conflict: terminated by other getUpdates request; make sure that only one bot instance is running
2026-08-03 22:28:45 | WARNING  | aiogram.dispatcher | Sleep for 5.204922 seconds and try again... (tryings = 177, bot id = 8839138509)
2026-08-03 22:28:49 | ERROR    | aiogram.dispatcher | Failed to fetch updates - TelegramConflictError: Telegram server says - Conflict: terminated by other getUpdates request; make sure that only one bot instance is running
2026-08-03 22:28:49 | WARNING  | aiogram.dispatcher | Sleep for 4.986744 seconds and try again... (tryings = 180, bot id = 8839138509)
2026-08-03 22:28:49 | ERROR    | aiogram.dispatcher | Failed to fetch updates - TelegramConflictError: Telegram server says - Conflict: terminated by other getUpdates request; make sure that only one bot instance is running
2026-08-03 22:28:49 | WARNING  | aiogram.dispatcher | Sleep for 4.952385 seconds and try again... (tryings = 144, bot id = 8839138509)
2026-08-03 22:28:53 | ERROR    | aiogram.dispatcher | Failed to fetch updates - TelegramConflictError: Telegram server says - Conflict: terminated by other getUpdates request; make sure that only one bot instance is running
2026-08-03 22:28:53 | WARNING  | aiogram.dispatcher | Sleep for 4.928243 seconds and try again... (tryings = 166, bot id = 8839138509)
2026-08-03 22:28:54 | ERROR    | aiogram.dispatcher | Failed to fetch updates - TelegramConflictError: Telegram server says - Conflict: terminated by other getUpdates request; make sure that only one bot instance is running
2026-08-03 22:28:54 | WARNING  | aiogram.dispatcher | Sleep for 5.206605 seconds and try again... (tryings = 178, bot id = 8839138509)
2026-08-03 22:28:57 | ERROR    | aiogram.dispatcher | Failed to fetch updates - TelegramConflictError: Telegram server says - Conflict: terminated by other getUpdates request; make sure that only one bot instance is running
2026-08-03 22:28:57 | WARNING  | aiogram.dispatcher | Sleep for 4.914722 seconds and try again... (tryings = 181, bot id = 8839138509)
2026-08-03 22:28:58 | ERROR    | aiogram.dispatcher | Failed to fetch updates - TelegramConflictError: Telegram server says - Conflict: terminated by other getUpdates request; make sure that only one bot instance is running
2026-08-03 22:28:58 | WARNING  | aiogram.dispatcher | Sleep for 5.013644 seconds and try again... (tryings = 145, bot id = 8839138509)
2026-08-03 22:29:02 | ERROR    | aiogram.dispatcher | Failed to fetch updates - TelegramConflictError: Telegram server says - Conflict: terminated by other getUpdates request; make sure that only one bot instance is running
2026-08-03 22:29:02 | WARNING  | aiogram.dispatcher | Sleep for 5.180662 seconds and try again... (tryings = 167, bot id = 8839138509)
2026-08-03 22:29:02 | ERROR    | aiogram.dispatcher | Failed to fetch updates - TelegramConflictError: Telegram server says - Conflict: terminated by other getUpdates request; make sure that only one bot instance is running
2026-08-03 22:29:02 | WARNING  | aiogram.dispatcher | Sleep for 4.909765 seconds and try again... (tryings = 179, bot id = 8839138509)
2026-08-03 22:29:06 | ERROR    | aiogram.dispatcher | Failed to fetch updates - TelegramConflictError: Telegram server says - Conflict: terminated by other getUpdates request; make sure that only one bot instance is running
2026-08-03 22:29:06 | WARNING  | aiogram.dispatcher | Sleep for 5.238909 seconds and try again... (tryings = 182, bot id = 8839138509)
2026-08-03 22:29:07 | ERROR    | aiogram.dispatcher | Failed to fetch updates - TelegramConflictError: Telegram server says - Conflict: terminated by other getUpdates request; make sure that only one bot instance is running
2026-08-03 22:29:07 | WARNING  | aiogram.dispatcher | Sleep for 5.069962 seconds and try again... (tryings = 146, bot id = 8839138509)
2026-08-03 22:29:11 | ERROR    | aiogram.dispatcher | Failed to fetch updates - TelegramConflictError: Telegram server says - Conflict: terminated by other getUpdates request; make sure that only one bot instance is running
2026-08-03 22:29:11 | WARNING  | aiogram.dispatcher | Sleep for 5.004349 seconds and try again... (tryings = 180, bot id = 8839138509)
2026-08-03 22:29:12 | ERROR    | aiogram.dispatcher | Failed to fetch updates - TelegramConflictError: Telegram server says - Conflict: terminated by other getUpdates request; make sure that only one bot instance is running
2026-08-03 22:29:12 | WARNING  | aiogram.dispatcher | Sleep for 5.049726 seconds and try again... (tryings = 168, bot id = 8839138509)
2026-08-03 22:29:16 | ERROR    | aiogram.dispatcher | Failed to fetch updates - TelegramConflictError: Telegram server says - Conflict: terminated by other getUpdates request; make sure that only one bot instance is running
2026-08-03 22:29:16 | WARNING  | aiogram.dispatcher | Sleep for 5.045906 seconds and try again... (tryings = 183, bot id = 8839138509)
2026-08-03 22:29:16 | ERROR    | aiogram.dispatcher | Failed to fetch updates - TelegramConflictError: Telegram server says - Conflict: terminated by other getUpdates request; make sure that only one bot instance is running
2026-08-03 22:29:16 | WARNING  | aiogram.dispatcher | Sleep for 5.065595 seconds and try again... (tryings = 147, bot id = 8839138509)
2026-08-03 22:29:20 | ERROR    | aiogram.dispatcher | Failed to fetch updates - TelegramConflictError: Telegram server says - Conflict: terminated by other getUpdates request; make sure that only one bot instance is running
2026-08-03 22:29:20 | WARNING  | aiogram.dispatcher | Sleep for 5.016903 seconds and try again... (tryings = 181, bot id = 8839138509)
2026-08-03 22:29:21 | ERROR    | aiogram.dispatcher | Failed to fetch updates - TelegramConflictError: Telegram server says - Conflict: terminated by other getUpdates request; make sure that only one bot instance is running
2026-08-03 22:29:21 | WARNING  | aiogram.dispatcher | Sleep for 5.036060 seconds and try again... (tryings = 169, bot id = 8839138509)
2026-08-03 22:29:24 | ERROR    | aiogram.dispatcher | Failed to fetch updates - TelegramConflictError: Telegram server says - Conflict: terminated by other getUpdates request; make sure that only one bot instance is running
2026-08-03 22:29:24 | WARNING  | aiogram.dispatcher | Sleep for 4.967038 seconds and try again... (tryings = 184, bot id = 8839138509)
2026-08-03 22:29:25 | ERROR    | aiogram.dispatcher | Failed to fetch updates - TelegramConflictError: Telegram server says - Conflict: terminated by other getUpdates request; make sure that only one bot instance is running
2026-08-03 22:29:25 | WARNING  | aiogram.dispatcher | Sleep for 4.789226 seconds and try again... (tryings = 148, bot id = 8839138509)
2026-08-03 22:29:29 | ERROR    | aiogram.dispatcher | Failed to fetch updates - TelegramConflictError: Telegram server says - Conflict: terminated by other getUpdates request; make sure that only one bot instance is running
2026-08-03 22:29:29 | WARNING  | aiogram.dispatcher | Sleep for 5.041483 seconds and try again... (tryings = 182, bot id = 8839138509)
2026-08-03 22:29:29 | ERROR    | aiogram.dispatcher | Failed to fetch updates - TelegramConflictError: Telegram server says - Conflict: terminated by other getUpdates request; make sure that only one bot instance is running
2026-08-03 22:29:29 | WARNING  | aiogram.dispatcher | Sleep for 4.865069 seconds and try again... (tryings = 170, bot id = 8839138509)
2026-08-03 22:29:33 | ERROR    | aiogram.dispatcher | Failed to fetch updates - TelegramConflictError: Telegram server says - Conflict: terminated by other getUpdates request; make sure that only one bot instance is running
2026-08-03 22:29:33 | WARNING  | aiogram.dispatcher | Sleep for 5.026366 seconds and try again... (tryings = 185, bot id = 8839138509)
2026-08-03 22:29:34 | ERROR    | aiogram.dispatcher | Failed to fetch updates - TelegramConflictError: Telegram server says - Conflict: terminated by other getUpdates request; make sure that only one bot instance is running
2026-08-03 22:29:34 | WARNING  | aiogram.dispatcher | Sleep for 5.191406 seconds and try again... (tryings = 149, bot id = 8839138509)
2026-08-03 22:29:37 | ERROR    | aiogram.dispatcher | Failed to fetch updates - TelegramConflictError: Telegram server says - Conflict: terminated by other getUpdates request; make sure that only one bot instance is running
2026-08-03 22:29:37 | WARNING  | aiogram.dispatcher | Sleep for 5.017138 seconds and try again... (tryings = 171, bot id = 8839138509)
2026-08-03 22:29:38 | ERROR    | aiogram.dispatcher | Failed to fetch updates - TelegramConflictError: Telegram server says - Conflict: terminated by other getUpdates request; make sure that only one bot instance is running
2026-08-03 22:29:38 | WARNING  | aiogram.dispatcher | Sleep for 5.078470 seconds and try again... (tryings = 183, bot id = 8839138509)
2026-08-03 22:29:42 | ERROR    | aiogram.dispatcher | Failed to fetch updates - TelegramConflictError: Telegram server says - Conflict: terminated by other getUpdates request; make sure that only one bot instance is running
2026-08-03 22:29:42 | WARNING  | aiogram.dispatcher | Sleep for 5.091654 seconds and try again... (tryings = 150, bot id = 8839138509)
2026-08-03 22:29:42 | ERROR    | aiogram.dispatcher | Failed to fetch updates - TelegramConflictError: Telegram server says - Conflict: terminated by other getUpdates request; make sure that only one bot instance is running
2026-08-03 22:29:42 | WARNING  | aiogram.dispatcher | Sleep for 4.929790 seconds and try again... (tryings = 186, bot id = 8839138509)
2026-08-03 22:29:46 | ERROR    | aiogram.dispatcher | Failed to fetch updates - TelegramConflictError: Telegram server says - Conflict: terminated by other getUpdates request; make sure that only one bot instance is running
2026-08-03 22:29:46 | WARNING  | aiogram.dispatcher | Sleep for 4.821716 seconds and try again... (tryings = 172, bot id = 8839138509)
2026-08-03 22:29:47 | ERROR    | aiogram.dispatcher | Failed to fetch updates - TelegramConflictError: Telegram server says - Conflict: terminated by other getUpdates request; make sure that only one bot instance is running
2026-08-03 22:29:47 | WARNING  | aiogram.dispatcher | Sleep for 4.971382 seconds and try again... (tryings = 184, bot id = 8839138509)
2026-08-03 22:29:50 | ERROR    | aiogram.dispatcher | Failed to fetch updates - TelegramConflictError: Telegram server says - Conflict: terminated by other getUpdates request; make sure that only one bot instance is running
2026-08-03 22:29:50 | WARNING  | aiogram.dispatcher | Sleep for 4.954054 seconds and try again... (tryings = 187, bot id = 8839138509)
2026-08-03 22:29:51 | ERROR    | aiogram.dispatcher | Failed to fetch updates - TelegramConflictError: Telegram server says - Conflict: terminated by other getUpdates request; make sure that only one bot instance is running
2026-08-03 22:29:51 | WARNING  | aiogram.dispatcher | Sleep for 4.980724 seconds and try again... (tryings = 151, bot id = 8839138509)
2026-08-03 22:29:55 | ERROR    | aiogram.dispatcher | Failed to fetch updates - TelegramConflictError: Telegram server says - Conflict: terminated by other getUpdates request; make sure that only one bot instance is running
2026-08-03 22:29:55 | WARNING  | aiogram.dispatcher | Sleep for 4.826811 seconds and try again... (tryings = 173, bot id = 8839138509)
2026-08-03 22:29:55 | ERROR    | aiogram.dispatcher | Failed to fetch updates - TelegramConflictError: Telegram server says - Conflict: terminated by other getUpdates request; make sure that only one bot instance is running
2026-08-03 22:29:55 | WARNING  | aiogram.dispatcher | Sleep for 4.876852 seconds and try again... (tryings = 185, bot id = 8839138509)
2026-08-03 22:29:59 | ERROR    | aiogram.dispatcher | Failed to fetch updates - TelegramConflictError: Telegram server says - Conflict: terminated by other getUpdates request; make sure that only one bot instance is running
2026-08-03 22:29:59 | WARNING  | aiogram.dispatcher | Sleep for 5.103361 seconds and try again... (tryings = 188, bot id = 8839138509)
2026-08-03 22:30:00 | ERROR    | aiogram.dispatcher | Failed to fetch updates - TelegramConflictError: Telegram server says - Conflict: terminated by other getUpdates request; make sure that only one bot instance is running
2026-08-03 22:30:00 | WARNING  | aiogram.dispatcher | Sleep for 4.991458 seconds and try again... (tryings = 152, bot id = 8839138509)
2026-08-03 22:30:04 | ERROR    | aiogram.dispatcher | Failed to fetch updates - TelegramConflictError: Telegram server says - Conflict: terminated by other getUpdates request; make sure that only one bot instance is running
2026-08-03 22:30:04 | WARNING  | aiogram.dispatcher | Sleep for 4.977397 seconds and try again... (tryings = 174, bot id = 8839138509)
2026-08-03 22:30:04 | ERROR    | aiogram.dispatcher | Failed to fetch updates - TelegramConflictError: Telegram server says - Conflict: terminated by other getUpdates request; make sure that only one bot instance is running
2026-08-03 22:30:04 | WARNING  | aiogram.dispatcher | Sleep for 5.127419 seconds and try again... (tryings = 186, bot id = 8839138509)
2026-08-03 22:30:08 | ERROR    | aiogram.dispatcher | Failed to fetch updates - TelegramConflictError: Telegram server says - Conflict: terminated by other getUpdates request; make sure that only one bot instance is running
2026-08-03 22:30:08 | WARNING  | aiogram.dispatcher | Sleep for 4.949198 seconds and try again... (tryings = 189, bot id = 8839138509)
2026-08-03 22:30:09 | ERROR    | aiogram.dispatcher | Failed to fetch updates - TelegramConflictError: Telegram server says - Conflict: terminated by other getUpdates request; make sure that only one bot instance is running
2026-08-03 22:30:09 | WARNING  | aiogram.dispatcher | Sleep for 5.123541 seconds and try again... (tryings = 153, bot id = 8839138509)
2026-08-03 22:30:12 | ERROR    | aiogram.dispatcher | Failed to fetch updates - TelegramConflictError: Telegram server says - Conflict: terminated by other getUpdates request; make sure that only one bot instance is running
2026-08-03 22:30:12 | WARNING  | aiogram.dispatcher | Sleep for 5.122419 seconds and try again... (tryings = 175, bot id = 8839138509)
2026-08-03 22:30:13 | ERROR    | aiogram.dispatcher | Failed to fetch updates - TelegramConflictError: Telegram server says - Conflict: terminated by other getUpdates request; make sure that only one bot instance is running
2026-08-03 22:30:13 | WARNING  | aiogram.dispatcher | Sleep for 4.826773 seconds and try again... (tryings = 187, bot id = 8839138509)
2026-08-03 22:30:17 | ERROR    | aiogram.dispatcher | Failed to fetch updates - TelegramConflictError: Telegram server says - Conflict: terminated by other getUpdates request; make sure that only one bot instance is running
2026-08-03 22:30:17 | WARNING  | aiogram.dispatcher | Sleep for 4.987671 seconds and try again... (tryings = 190, bot id = 8839138509)
2026-08-03 22:30:17 | ERROR    | aiogram.dispatcher | Failed to fetch updates - TelegramConflictError: Telegram server says - Conflict: terminated by other getUpdates request; make sure that only one bot instance is running
2026-08-03 22:30:17 | WARNING  | aiogram.dispatcher | Sleep for 5.094752 seconds and try again... (tryings = 154, bot id = 8839138509)
2026-08-03 22:30:21 | ERROR    | aiogram.dispatcher | Failed to fetch updates - TelegramConflictError: Telegram server says - Conflict: terminated by other getUpdates request; make sure that only one bot instance is running
2026-08-03 22:30:21 | WARNING  | aiogram.dispatcher | Sleep for 4.811896 seconds and try again... (tryings = 176, bot id = 8839138509)
2026-08-03 22:30:22 | ERROR    | aiogram.dispatcher | Failed to fetch updates - TelegramConflictError: Telegram server says - Conflict: terminated by other getUpdates request; make sure that only one bot instance is running
2026-08-03 22:30:22 | WARNING  | aiogram.dispatcher | Sleep for 5.190836 seconds and try again... (tryings = 188, bot id = 8839138509)
2026-08-03 22:30:26 | ERROR    | aiogram.dispatcher | Failed to fetch updates - TelegramConflictError: Telegram server says - Conflict: terminated by other getUpdates request; make sure that only one bot instance is running
2026-08-03 22:30:26 | WARNING  | aiogram.dispatcher | Sleep for 4.951322 seconds and try again... (tryings = 191, bot id = 8839138509)
2026-08-03 22:30:26 | ERROR    | aiogram.dispatcher | Failed to fetch updates - TelegramConflictError: Telegram server says - Conflict: terminated by other getUpdates request; make sure that only one bot instance is running
2026-08-03 22:30:26 | WARNING  | aiogram.dispatcher | Sleep for 4.906250 seconds and try again... (tryings = 155, bot id = 8839138509)
2026-08-03 22:30:30 | ERROR    | aiogram.dispatcher | Failed to fetch updates - TelegramConflictError: Telegram server says - Conflict: terminated by other getUpdates request; make sure that only one bot instance is running
2026-08-03 22:30:30 | WARNING  | aiogram.dispatcher | Sleep for 4.910720 seconds and try again... (tryings = 177, bot id = 8839138509)
2026-08-03 22:30:31 | ERROR    | aiogram.dispatcher | Failed to fetch updates - TelegramConflictError: Telegram server says - Conflict: terminated by other getUpdates request; make sure that only one bot instance is running
2026-08-03 22:30:31 | WARNING  | aiogram.dispatcher | Sleep for 4.957757 seconds and try again... (tryings = 189, bot id = 8839138509)
2026-08-03 22:30:34 | ERROR    | aiogram.dispatcher | Failed to fetch updates - TelegramConflictError: Telegram server says - Conflict: terminated by other getUpdates request; make sure that only one bot instance is running
2026-08-03 22:30:34 | WARNING  | aiogram.dispatcher | Sleep for 4.903301 seconds and try again... (tryings = 192, bot id = 8839138509)
2026-08-03 22:30:35 | ERROR    | aiogram.dispatcher | Failed to fetch updates - TelegramConflictError: Telegram server says - Conflict: terminated by other getUpdates request; make sure that only one bot instance is running
2026-08-03 22:30:35 | WARNING  | aiogram.dispatcher | Sleep for 5.055613 seconds and try again... (tryings = 156, bot id = 8839138509)
2026-08-03 22:30:39 | ERROR    | aiogram.dispatcher | Failed to fetch updates - TelegramConflictError: Telegram server says - Conflict: terminated by other getUpdates request; make sure that only one bot instance is running
2026-08-03 22:30:39 | WARNING  | aiogram.dispatcher | Sleep for 4.988270 seconds and try again... (tryings = 178, bot id = 8839138509)
2026-08-03 22:30:39 | ERROR    | aiogram.dispatcher | Failed to fetch updates - TelegramConflictError: Telegram server says - Conflict: terminated by other getUpdates request; make sure that only one bot instance is running
2026-08-03 22:30:39 | WARNING  | aiogram.dispatcher | Sleep for 4.885772 seconds and try again... (tryings = 190, bot id = 8839138509)
